Rank,Username,Categories,Suscribers,Country,Visits,Likes,Comments,Links
1,tseries,Dance and Music,249500000,India,86200,2700,78,http://youtube.com/channel/UCq-Fj5jknLsUf-MWSy4_brA
2,MrBeast,Videogames,183500000,United States,117400000,5300000,18500,http://youtube.com/channel/UCX6OQ3DkcsbYNE6H8uQQuVA
3,CoComelon,Education,165500000,Unknown,7000000,24700,0,http://youtube.com/channel/UCbCmjCuTUZos6Inko4u57UQ
5,KidsDianaShow,Animation,113500000,Unknown,3900000,12400,0,http://youtube.com/channel/UCk8GzjMOrta8yxDcKfylJYw
6,PewDiePie,Movies,111500000,United States,2400000,197300,4900,http://youtube.com/channel/UC-lHJZR3Gqxm24_Vd_AJ5Yw
7,LikeNastyaofficial,Others,107500000,Unknown,2600000,28000,0,http://youtube.com/channel/UCJplp5SjeGSdVdwsfb9Q7lQ
8,VladandNiki,Animation,101400000,Unknown,4100000,22100,0,http://youtube.com/channel/UCvlE5gTbOvjiolFlEm-c_Ow
9,zeemusiccompany,Dance and Music,99700000,India,74300,2600,32,http://youtube.com/channel/UCFFbwnve3yF62-tVXkTyHqg
10,WWE,Videogames,97200000,United States,184500,6300,214,http://youtube.com/channel/UCJ5v_MCY6GNUBTO8-D3XoAg
11,BLACKPINK,Dance and Music,91300000,United States,863200,146900,3400,http://youtube.com/channel/UCOmHUn--16B90oW2L6FRR3A
13,SonySAB,Movies,85400000,India,35500,615,21,http://youtube.com/channel/UC6-F5tO8uklgE9Zy8IvbdFw
14,5MinuteCraftsYouTube,Movies,80300000,India,164600,703,35,http://youtube.com/channel/UC295-Dw_tDNtZXFeAPAW6Aw
15,BTS,Dance and Music,76500000,India,969700,180300,7400,http://youtube.com/channel/UCLkAepWjdylmXSltofFvsYQ
16,HYBELABELS,Dance and Music,72700000,United States,440700,23900,932,http://youtube.com/channel/UC3IZKseVpdzPSBaWxBxundA
18,Pinkfong,Animation,69600000,Unknown,506400,397,0,http://youtube.com/channel/UCcdwLMPsaU2ezNSJU1nFoBQ
19,ChuChuTV,Others,67500000,Unknown,652100,17800,0,http://youtube.com/channel/UCBnZ16ahKA2DZ_T5W0FPUXg
20,KondZilla,Dance and Music,66600000,Pakistan,30400,1100,4,http://youtube.com/channel/UCffDXn7ycAzwL2LDlbyWOTw
22,filmigaane,Dance and Music,66400000,India,33000,392,18,http://youtube.com/channel/UCP6uH_XlsxrXwZQ4DlqbqPg
23,TSeriesBhaktiSagar,Dance and Music,62600000,India,24900,983,35,http://youtube.com/channel/UCaayLD9i5x4MmIoVZxXSv_g
24,tipsofficial,Dance and Music,60900000,India,80200,935,22,http://youtube.com/channel/UCJrDMFOdv1I2k8n9oK_V21w
25,MOVIECLIPS,Movies,59900000,United States,16600,231,9,http://youtube.com/channel/UC3gNmTGu-TTbFPpfSs5kNkg
26,ElReinoInfantil,Dance and Music,59700000,Unknown,393000,2600,0,http://youtube.com/channel/UCK1i2UviaXLUNrZlAFpw_jA
27,dudeperfect,Videogames,59700000,United States,5300000,156500,4200,http://youtube.com/channel/UCRijo3ddMTht_IHyNSNXpNQ
28,aajtak,News and Politics,58900000,India,7600,229,4,http://youtube.com/channel/UCt4t-jeY85JegMlZ-E5UWtA
29,WaveMusicIndia,Dance and Music,58700000,Unknown,36600,792,54,http://youtube.com/channel/UC22nIfOTM7KLIQuFGMKzQbg
30,SonyMusicIndia,Dance and Music,57900000,India,26300,964,21,http://youtube.com/channel/UC56gTxNs4f9xZ7Pa2i5xNzg
31,marshmello,Dance and Music,56700000,United States,145900,8900,167,http://youtube.com/channel/UCEdvpU2pFRCVqU6yIPyTpMQ
32,yrf,Dance and Music,55700000,India,60300,2100,33,http://youtube.com/channel/UCbTLwN10NoCU4WDzLf1JMOA
33,infobellshindirhymes,Education,55700000,Unknown,1200000,34700,0,http://youtube.com/channel/UC1ciY6kR3yj3kaKZ6R7ewAg
34,LooLooKids,Dance and Music,54800000,United States,595600,2700,0,http://youtube.com/channel/UC4NALVCmcmL5ntpV0thoH6w
35,TaylorSwift,Dance and Music,54100000,United States,4300000,300400,15000,http://youtube.com/channel/UCqECaJ8Gagnn7YCbPEzWH6g
36,EdSheeran,Dance and Music,53700000,United States,144200,10200,345,http://youtube.com/channel/UC0C-w0YjGpqDXGB8IHb662A
37,BillionSurpriseToys,Others,53100000,Unknown,1600000,0,0,http://youtube.com/channel/UCRx3mKNUdl8QE06nEug7p6Q
38,ArianaGrande,Dance and Music,52900000,United States,1100000,85800,3800,http://youtube.com/channel/UC9CoOnJkIBMdeijd9qYoT_g
40,JuegaGerman,Movies,48600000,Mexico,2000000,117100,3000,http://youtube.com/channel/UCYiGq8XF7YQD00x7wAd62Zg
41,BillieEilish,Dance and Music,48600000,United States,208100,27200,476,http://youtube.com/channel/UCiGm_E4ZwYSHV3bcW1pnSeQ
43,sonymusicindiaVEVO,Dance and Music,47500000,India,36600,664,28,http://youtube.com/channel/UC3MLnJtqc_phABBriLRhtgQ
44,A4a4a4a4,Animation,47300000,Russia,9700000,330400,22000,http://youtube.com/channel/UC2tsySbe9TNrI-xh2lximHA
46,HarPalGeoOfficial,Movies,46400000,Pakistan,11000,299,2,http://youtube.com/channel/UCe9JSDmyqNgA_l2BzGHq1Ug
53,KatyPerry,Dance and Music,44400000,Unknown,101400,7500,177,http://youtube.com/channel/UCYvmuw-JtVrTZQ-7Y4kd63Q
54,Shakira,Videogames,44400000,United States,102100,8200,210,http://youtube.com/channel/UCYLNGLIzMhRTi6ZOLjAPSmw
55,whindersson,Dance and Music,44400000,Brazil,174600,35700,154,http://youtube.com/channel/UC3KQ5GWANYF8lChqjZpXsQw
57,Alanwalkermusic,Dance and Music,44000000,United States,124700,8200,205,http://youtube.com/channel/UCJrOtniJ0-NWz37R30urifQ
58,MashaBearEN,Movies,43700000,Unknown,856200,7500,0,http://youtube.com/channel/UCu59yAFE8fM0sVNTipR4edw
59,Mikecrack,Movies,43400000,Mexico,2200000,183400,1800,http://youtube.com/channel/UCqJ5zFEED1hWs0KNQCQuYdQ
60,toysandcolors,Movies,42900000,Unknown,2000000,4600,0,http://youtube.com/channel/UCgFXm4TI8htWmCyJ6cVPG_A
61,speedrecords,Dance and Music,42900000,India,21100,1100,30,http://youtube.com/channel/UCOsyDsO5tIt-VZ1iwjdQmew
62,LikeNastya_Show,Movies,42500000,Unknown,972200,2400,0,http://youtube.com/channel/UCS94J1s6-qc8v7btCdS2pNg
63,KimberlyLoaiza,Dance and Music,42100000,Mexico,5300000,271300,16000,http://youtube.com/channel/UCQZfFRohQ7UX-0CdXl-6pwQ
64,IshtarMusic,Dance and Music,42100000,India,32600,994,9,http://youtube.com/channel/UCWi_65E_L8tQZ34C6wVAlpQ
66,LittleBabyBum,Animation,41000000,Unknown,99000,184,0,http://youtube.com/channel/UCKAqou7V9FAWXpZd9xtOg3Q
67,shfa2,Animation,40600000,Unknown,585500,4800,0,http://youtube.com/channel/UCQ7x25F6YXY9DvGeHFxLhRQ
68,CarryMinati,Movies,40300000,India,0,0,0,http://youtube.com/channel/UCj22tfcQrWG7EMEKS0qLeEg
69,luccastoon,Movies,40100000,Brazil,588600,13100,0,http://youtube.com/channel/UC_gV70G_Y51LTa3qhu8KiEA
70,SuperSimpleSongs,Dance and Music,39900000,Unknown,648400,10100,0,http://youtube.com/channel/UCLsooMJoIpl_7ux2jvdPB-Q
71,JessNoLimit,Movies,39600000,Indonesia,1300000,73500,1600,http://youtube.com/channel/UCvh1at6xpV1ytYOAzxmqUsA
72,xxxtentacion,Dance and Music,39500000,United States,225700,28500,2900,http://youtube.com/channel/UCM9r1xn6s30OnlJWb-jc3Sw
75,gr6explode,Dance and Music,39300000,Brazil,120300,5700,236,http://youtube.com/channel/UCNUQK9mQoqi4yNXw2_Rj6SA
77,GaaneSuneAnsune,Dance and Music,39100000,India,28800,211,9,http://youtube.com/channel/UCtW7qWjpCZ8zps-Cf2NF26w
78,shfa-1,Daily Vlogs,39100000,Other,5300000,57300,0,http://youtube.com/channel/UCwHE1kM1CPJd_pI9FQ0-4dg
79,vladvaniki1,Movies,38700000,Unknown,890600,3400,0,http://youtube.com/channel/UCcOMTVILq-yIqtFmOqt-QOg
81,DaddyYankee,Dance and Music,38300000,Colombia,82800,6500,123,http://youtube.com/channel/UC9TO_oo4c_LrOiKNaY6aysA
85,MariaClaraeJP,Movies,37700000,Unknown,1700000,10800,0,http://youtube.com/channel/UCKe6w0exI94U-RzqAyoY1VA
87,PowerKidstv,Movies,37400000,India,41700,0,0,http://youtube.com/channel/UCj-SWZSE0AmotGSQ3apROHw
90,SaregamaMusic,Movies,37000000,India,27300,703,26,http://youtube.com/channel/UC_A7K2dXFsTMAciGmnNxy-Q
91,RicisOfficial1795,Dance and Music,36900000,Indonesia,343800,27500,357,http://youtube.com/channel/UC4tS4Q_Cno5JVcIUXxQOOpA
93,IndiaTV,News and Politics,36700000,India,14300,255,3,http://youtube.com/channel/UCttspZesZIDEwwpVIgoZtWQ
94,LaGranjaDeZenon,Dance and Music,36600000,Unknown,599800,5200,0,http://youtube.com/channel/UCwpcLKMwiuPg4aqImpGk6Ew
95,tseriesoldisgold,Dance and Music,36500000,India,41100,1200,8,http://youtube.com/channel/UCRm96I5kmb_iGFofE5N691w
96,Ozuna,Dance and Music,36300000,United States,22700,2400,76,http://youtube.com/channel/UCjIA3wwhi0QjSOXAZwOXbPA
97,TotalGaming093,Movies,36300000,India,1500000,129400,4900,http://youtube.com/channel/UC5c9VlYTSvBSCaoMu_GI6gQ
98,GenevievesPlayhouse,Others,35700000,Unknown,965500,824,0,http://youtube.com/channel/UCK5Q72Uyo73uRPk8PmM2A3w
100,RyansWorld,Videogames,35500000,Unknown,326500,2000,0,http://youtube.com/channel/UChGJGhZ9SOOHvBB0Y4DOO_w
101,markiplier,Animation,35500000,United States,2100000,126500,3800,http://youtube.com/channel/UC7_YxT-KID8kRbqZo7MyscQ
102,tseriesapnapunjab,Dance and Music,35000000,India,23300,601,27,http://youtube.com/channel/UCcvNYxWXR_5TjVK7cSCdW-g
105,YOLOAVENTURAS,Movies,34600000,Mexico,1100000,73600,0,http://youtube.com/channel/UCOnIJiQuk1fDSp6p1GCZy3A
106,GeetMP3,Dance and Music,34500000,India,0,0,0,http://youtube.com/channel/UClZF7OsrECe3t_ADrjZEh_Q
109,jbalvin,Animation,34200000,Colombia,16900,1600,60,http://youtube.com/channel/UCt-k6JwNWHMXDBGm9IYHdsg
110,SSSniperWolf,Animation,34200000,United States,1200000,34600,2100,http://youtube.com/channel/UCpB959t8iPrxQWj7G6n0ctQ
112,vegetta777,Movies,34000000,Mexico,249900,19400,209,http://youtube.com/channel/UCam8T03EOFBsNdR0thrFHdQ
113,NoCopyrightSounds,Dance and Music,33600000,United States,191100,6900,363,http://youtube.com/channel/UC_aEa8K-EOJ3D6gOs7HcyNg
115,babybus,Animation,33300000,Unknown,267300,623,0,http://youtube.com/channel/UCpYye8D5fFMUPf9nSfgd4bA
116,DisneyMusicVEVO,Dance and Music,33200000,United States,276900,3200,198,http://youtube.com/channel/UCgwv23FVv3lqh567yagXfNg
117,KarolG,Dance and Music,33000000,Colombia,74000,2700,165,http://youtube.com/channel/UCZuPJZ2kGFdlbQu1qotZaHw
118,WowKidz1,Animation,33000000,Unknown,17200,88,0,http://youtube.com/channel/UCN8S4CqMRy6tVKVXvs7Bzeg
120,erosentertainment,Movies,33000000,India,7100,93,5,http://youtube.com/channel/UCX52tYZiEh_mHoFja3Veciw
122,LucasandMarcus,Animation,32800000,United States,706100,23300,504,http://youtube.com/channel/UCwD4x63A9KC7Si2RuSfg-SA
123,AboFlah,Animation,32700000,Other,3300000,382000,11400,http://youtube.com/channel/UCqq5n-Oe-r1EEHI3yvhVJcA
125,FrostDiamond,Movies,32600000,Indonesia,316200,13200,386,http://youtube.com/channel/UC4hGmH5sABOA70D4fGb8qNQ
126,MrBean,Movies,32400000,India,204400,1800,73,http://youtube.com/channel/UCkAGrHCLFmlK3H2kd6isipg
127,WorldwideRecordsBhojpuri,Dance and Music,32200000,India,44200,1600,29,http://youtube.com/channel/UCbomPUMyPHCgrqD5iYnzj1A
128,rezendeevil,Movies,32200000,Brazil,413400,15600,153,http://youtube.com/channel/UCbTVTephX30ZhQF5zwFppBg
129,SMTOWN,Dance and Music,32200000,United States,132300,12700,505,http://youtube.com/channel/UCEf_Bc-KVd7onSeifS3py9g
130,PeppaPigOfficial,Others,32200000,Unknown,110200,508,0,http://youtube.com/channel/UCAOtE1V7Ots4DjM8JLlrYgg
131,zeenews,News and Politics,32100000,India,14700,231,6,http://youtube.com/channel/UCIvaYmXn910QMdemBG3v1pQ
132,fedevigevani,Animation,32000000,Mexico,7700000,412200,17000,http://youtube.com/channel/UCoQm-PeHC-cbJclKJYJ8LzA
133,dream,Animation,31900000,United States,3300000,309200,19000,http://youtube.com/channel/UCTkXRDQl0luXxVQrRQvWS6w
134,GENIALBrightSideSpanish,Animation,31800000,Mexico,15500,524,21,http://youtube.com/channel/UCbrd1vu4_7qIE6IPV_dA-OA
137,MrBeast2,Daily Vlogs,31300000,United States,83100000,5000000,11600,http://youtube.com/channel/UC4-79UOlP48-QNGgCko5p2g
139,dianaandromaesp331,Animation,31100000,Unknown,403500,714,0,http://youtube.com/channel/UCqNmJfc7RgMU6hTxOOuCYHQ
141,ImagineDragons,Dance and Music,31000000,United States,77100,10700,217,http://youtube.com/channel/UCT9zcQNlyht7fRlcjmflRSA
143,AttaHalilintar,Dance and Music,30600000,Indonesia,155300,7600,108,http://youtube.com/channel/UCaKLg1ELiX0zTJ6Je3c5esA
144,enaldinho,Movies,30600000,Brazil,1800000,63400,838,http://youtube.com/channel/UC2bYhAHyaqfWlPXWBVk4BcA
145,toyoraljanahtv,Dance and Music,30600000,Unknown,131100,0,0,http://youtube.com/channel/UCozAuGJZ5MPoijz8IE_1Gtw
146,jacksepticeye,Animation,30400000,United States,1600000,83400,2300,http://youtube.com/channel/UCYzPXprvl5Y-Sf0g4vX-m6g
147,TrapNation,Dance and Music,30400000,United States,47800,1600,60,http://youtube.com/channel/UCa10nxShhzNrCE1o2ZOPztg
148,LittleAngel,Animation,30400000,Unknown,394800,209,0,http://youtube.com/channel/UCNzsYU0aWwjERj-9Y9HUEng
149,TalkingTom,Movies,30400000,United States,201300,798,0,http://youtube.com/channel/UCm3hAp1m1xlAz0ve_EKAo4g
150,spinninrecords,Dance and Music,30200000,United States,31900,1200,33,http://youtube.com/channel/UCpDJl2EmP7Oh90Vylx0dZtA
154,DaFuqBoom,Animation,29800000,United States,52700000,1700000,82800,http://youtube.com/channel/UCsSsgPaZ2GSmO6il8Cb5iGA
155,ultrarecords,Dance and Music,29800000,United States,15800,607,21,http://youtube.com/channel/UC4rasfm9J-X4jNl9SvXp8xA
157,AlanChikinChow,Dance and Music,29700000,India,3600000,106500,428,http://youtube.com/channel/UC5gxP-2QqIh_09djvlm9Xcg
158,infobellstamilrhymes,Education,29500000,Unknown,1200000,17700,0,http://youtube.com/channel/UCHcn4Ux-sO9nzNu7rDsoQLg
159,Maluma_Official,Dance and Music,29400000,Colombia,226400,8500,275,http://youtube.com/channel/UClZuKq2m0Qu-HkopkSBLpEw
160,infobellstelugurhymes,Education,29400000,Unknown,271400,5600,0,http://youtube.com/channel/UCHvoq_rGmOKJKGId1nD1V4Q
166,adityamusic,Dance and Music,28800000,India,28200,568,14,http://youtube.com/channel/UCNApqoVYJbYSrni4YsbXzyQ
168,GoldminesDishoom,Movies,28700000,Unknown,14100,167,0,http://youtube.com/channel/UCu7Hg0f3rxqZ6qs-188ZbjQ
170,KidsRomaShow,Animation,28200000,Unknown,1200000,3100,0,http://youtube.com/channel/UCx790OVgpTC1UVBQIqu3gnQ
171,toycantando,Dance and Music,28100000,Unknown,426400,11700,0,http://youtube.com/channel/UC2xjgvWb9cx5F637XjsUNxw
172,SandeepSeminars,Daily Vlogs,28000000,India,1200000,58500,4000,http://youtube.com/channel/UCBqFKDipsnzvJdt6UT0lMIg
173,LankyBox,Animation,28000000,United States,346500,6300,200,http://youtube.com/channel/UCSf0s2ogUVYpJPuzW1zpAOg
174,bouncepatrol,Dance and Music,27900000,Unknown,339300,6600,0,http://youtube.com/channel/UC56cowXhoqRWHeqfSJkIQaA
175,JYPEntertainment,Dance and Music,27800000,United States,177700,8700,668,http://youtube.com/channel/UCaO6TYtlC8U5ttz62hTrZgg
176,nickjr,Animation,27800000,Unknown,109200,191,0,http://youtube.com/channel/UCUe6ZpY6TJ0no8jI4l2iLxw
178,DanTDM,Animation,27800000,United States,3500000,285000,52500,http://youtube.com/channel/UCS5Oz6CHmeoF7vSad0qqXfw
179,wizkhalifa,Dance and Music,27800000,United States,87400,4100,305,http://youtube.com/channel/UCVp3nfGRxmMadNDuVbJSk8A
180,brentrivera,Videogames,27600000,United States,6400000,154100,5000,http://youtube.com/channel/UC56D-IHcUvLVFTX_8NpQMXg
181,NichLmao,Daily Vlogs,27500000,United States,1500000,85800,1600,http://youtube.com/channel/UC6VAIqNQBc7ggiqvsOHOBqw
183,renatongarcia,Movies,27200000,Brazil,748200,68800,833,http://youtube.com/channel/UChMJkHCD2wdvSO7CMOuLR-w
185,dbillions,Dance and Music,27100000,Unknown,1000000,651,0,http://youtube.com/channel/UCi3onjs7UU2Z64i3RrVci-Q
186,Netflix,Movies,27000000,United States,202600,2200,176,http://youtube.com/channel/UCWOA1ZGywLbqmigxE4Qlvuw
187,RaffyTulfoInAction,News and Politics,26800000,Philippines,398300,5300,443,http://youtube.com/channel/UCxhygwqQ1ZMoBGQM2yEcNug
190,indosiar,Dance and Music,26700000,Indonesia,18800,471,24,http://youtube.com/channel/UCYqOeAXJm8yV9sJ8Ud3cR7A
192,worldstarhiphop,Dance and Music,26600000,United States,40300,993,127,http://youtube.com/channel/UC-yXuc1__OzjwpsJPlxYUCQ
193,smosh,Movies,26300000,United States,289100,21300,214,http://youtube.com/channel/UCY30JRSgfhYXA6i6xX1erWg
195,dianaandromahin8102,Animation,26200000,Unknown,109000,322,0,http://youtube.com/channel/UC5ma-WCc8jNCV0WyRnfbHTg
196,nickiminaj,Dance and Music,26100000,United States,1600000,98300,7600,http://youtube.com/channel/UC3jOd7GUMhpgJRBhiLzuLsg
197,mariliamendoncareal,Dance and Music,26100000,Brazil,0,0,0,http://youtube.com/channel/UCwfEOn0O1DWcyTgzVVu28ig
198,TheLallantop,News and Politics,26000000,India,30800,822,52,http://youtube.com/channel/UCx8Z14PpntdaxCt2hakbQLQ
199,AGT,Dance and Music,25900000,United States,186800,3100,197,http://youtube.com/channel/UCT2X19JJaJGUN7mrYuImANQ
200,davidguetta,Dance and Music,25900000,Brazil,0,0,0,http://youtube.com/channel/UC1l7wYrva1qCH-wgqcHaaRg
202,postmalone,Dance and Music,25900000,United States,223100,13100,526,http://youtube.com/channel/UCeLHszkByNZtPKcaVXOCOQQ
203,VanossGaming,Animation,25900000,United States,1300000,56500,1100,http://youtube.com/channel/UCKqH_9mk1waLgBiL2vT5b9g
205,abp_live,News and Politics,25800000,India,2300,49,1,http://youtube.com/channel/UCmphdqZNmqL72WJ2uyiNw5w
206,LosPolinesios,Dance and Music,25700000,Mexico,1400000,38400,866,http://youtube.com/channel/UCs8qka8tfhdc69wzXYdtZ3A
207,AlejoIgoa,Animation,25700000,Other,5700000,208400,1700,http://youtube.com/channel/UCZs0WwC0Dn_noiQE2BHSTKg
208,ZHCYT,Others,25700000,United States,2600000,127300,2200,http://youtube.com/channel/UClQubH2NeMmGLTLgNdLBwXg
209,RansEntertainment,Movies,25700000,Indonesia,365500,11400,399,http://youtube.com/channel/UCvA9_f5Lwk-poMynabtrZPg
210,wbkids,Movies,25700000,Unknown,76100,699,0,http://youtube.com/channel/UC9trsD1jCTXXtN3xIOIU8gg
211,coldplay,Dance and Music,25500000,United States,66900,3700,81,http://youtube.com/channel/UCDPM_n1atn2ijUwHd0NNRQw
212,ChrisBrownTV,Dance and Music,25500000,United States,102000,9700,354,http://youtube.com/channel/UCcYrdFJF7hmPXRNaWdrko4w
213,MarkRober,Science and Technology,25500000,United States,479200,31700,329,http://youtube.com/channel/UCY1kMZp36IQSyNx_9h4mpCg
214,danrhodes,Movies,25500000,United States,414500,19300,131,http://youtube.com/channel/UC6D1L2vxEAg_Vi0JSxMBDgA
215,TRANS7Official,Movies,25400000,Indonesia,1600,29,2,http://youtube.com/channel/UC24_Z2L-8Ki183AI9zJJzNQ
216,WatchMojo,Movies,25100000,United States,46700,1400,195,http://youtube.com/channel/UCaWd5_7JhbQBe4dknZhsHJg
218,kidstv,Others,25000000,Unknown,132600,1600,0,http://youtube.com/channel/UC7Pq3Ko42YpkCB_Q4E981jw
219,ChloeTing,Others,24900000,United States,192700,7900,621,http://youtube.com/channel/UCCgLoMYIyP0U56dEhEL1wXQ
220,PrestonYT,Videogames,24900000,United States,1300000,36100,287,http://youtube.com/channel/UC70Dib4MvFfT1tU6MqeyHpQ
221,topperguild,Animation,24900000,United States,1800000,77600,838,http://youtube.com/channel/UCPuEAY09CtdTzFNWuqVZgDw
223,PenMovies,Movies,24800000,India,59800,1200,25,http://youtube.com/channel/UC3ar28GS6o1p0m_wabfk2zw
225,unknownboyvarun,Dance and Music,24700000,India,1300000,119600,154,http://youtube.com/channel/UC4DLvb5xZ9OLcVM1KC_R97g
227,1theK,Dance and Music,24700000,Indonesia,10100,595,29,http://youtube.com/channel/UCweOkPb1wVVH0Q0Tlj4a5Pw
228,DianaRomaARA,Animation,24600000,Unknown,1200000,5100,0,http://youtube.com/channel/UCtm3DGXkWqAUQZMHl97SVxA
229,shfashowindia,Daily Vlogs,24600000,Unknown,1300000,8800,0,http://youtube.com/channel/UCNvYCW3cMbkWy2g2v4Wb6xw
230,kidschannelindia,Dance and Music,24400000,Unknown,80300,385,0,http://youtube.com/channel/UCR1hQY5sz5NEYofdv09XimA
233,netdmuzik,Dance and Music,24400000,Other,6100,158,34,http://youtube.com/channel/UCR5wZcXtOUka8jTA57flzMg
234,TheElenaYa,Animation,24400000,Unknown,611400,1100,0,http://youtube.com/channel/UCl_P0sCqxOdQpMwuajdXkRg
235,rug,Videogames,24300000,United States,3200000,85300,5100,http://youtube.com/channel/UCilwZiBBfI9X6yiZRzWty8Q
238,DJSnake,Dance and Music,24300000,India,16700,846,19,http://youtube.com/channel/UC_x8HoD18XJkILQBreVENUQ
239,alanbecker,Animation,24300000,United States,7600000,582600,5900,http://youtube.com/channel/UCbKWv2x9t6u8yZoB3KcPtnw
240,MayaAndMary,Animation,24100000,Unknown,134600,0,0,http://youtube.com/channel/UC50vBAtklUoJF1Wx5q0pmuw
242,juandediospantojaa,Dance and Music,24000000,Mexico,3000000,133200,3600,http://youtube.com/channel/UCzoUWqjCbcfWFdOMvoep8FA
243,EnriqueIglesias,Dance and Music,23900000,United States,21800,2000,142,http://youtube.com/channel/UC-6czyMkxDi8E8akPl0c7_w
244,JamesCharles,Others,23900000,United States,964500,62300,1100,http://youtube.com/channel/UCucot-Zp428OwkyRm2I7v2Q
245,MrMaxLife,Videogames,23900000,Russia,824200,19300,3000,http://youtube.com/channel/UC_8PAD0Qmi6_gpe77S1Atgg
246,TroomTroom,Animation,23900000,Unknown,62900,1200,15,http://youtube.com/channel/UCWwqHwqLSrdWMgp5DZG5Dzg
247,PeppaPigEspanolLatinoOficial,Movies,23800000,Unknown,604400,1700,0,http://youtube.com/channel/UCrreHSUa5rnuCVDeO8dX4eA
248,misskaty1133,Videogames,23700000,Russia,1300000,15200,1000,http://youtube.com/channel/UCcartHVtvAUzfajflyeT_Gg
249,Ninja,Animation,23700000,United States,204600,8700,141,http://youtube.com/channel/UCAW-NpUFkMyCNrvRSSGIvDQ
250,NickyJamTV,Dance and Music,23700000,Colombia,15800,1200,58,http://youtube.com/channel/UCpb_iJuhFe8V6rQdbNqfAlQ
251,NickyJamTV,Dance and Music,23700000,Colombia,15800,1200,58,http://youtube.com/channel/UCpb_iJuhFe8V6rQdbNqfAlQ
253,ishaanali11,Daily Vlogs,23500000,India,3400000,242900,467,http://youtube.com/channel/UCN4NflpHqLeHQZ91kTUVCBw
255,Jelly,Animation,23500000,United States,156400,5800,266,http://youtube.com/channel/UC0DZmkupLYwc0yDsfocLh0A
256,toyorbabytv,Dance and Music,23500000,Unknown,111400,0,0,http://youtube.com/channel/UCHAbNxkU837UAkZ-OPtdUUw
259,GMMGrammy,Dance and Music,23400000,Thailand,2900,96,3,http://youtube.com/channel/UCG9gfnA5UDoLvz-tC9B-HKw
260,WaveMusicBhojpuri,Dance and Music,23400000,India,8400,154,7,http://youtube.com/channel/UCYLlkv4hivYJlOk6Lo-RHNQ
262,whitehillmusic,Dance and Music,23300000,India,15300,659,5,http://youtube.com/channel/UCopY0NAzASqmD6eVaRj2TFQ
263,VaniaManiaKids,Animation,23300000,Unknown,325000,599,0,http://youtube.com/channel/UCLbyJSPEe2lx3jY-G0CFR3g
266,BabyBusES,Movies,23200000,Unknown,80000,332,0,http://youtube.com/channel/UCy_rxpSt8DMagOUFA9Q-t1A
268,capitanyolotroll,Animation,23100000,Mexico,3200000,189300,827,http://youtube.com/channel/UCQ8TuCvcDMepleXFyOQfyOQ
270,ZachChoi,Daily Vlogs,23000000,United States,142200,3000,162,http://youtube.com/channel/UCI78AdiI6f7VKhqW1i4B3Rw
273,AmiRodrigueZZ,Animation,22900000,Colombia,4300000,294400,1300,http://youtube.com/channel/UCwohKbRK2QnojtLh3p7xwaA
275,sia,Dance and Music,22900000,United States,0,0,0,http://youtube.com/channel/UCN9HPn2fq-NL8M5_kp4RWZQ
276,vladandnikiarab2,Animation,22800000,Unknown,982900,4800,0,http://youtube.com/channel/UCP9MW9ATjUwwulqEYTbp-Mw
277,invictorgs3,Animation,22800000,Mexico,806400,25500,418,http://youtube.com/channel/UChOQkbLHWi3zSCUjT7Kjd1g
278,Kidibli,Animation,22800000,Unknown,138500,2400,0,http://youtube.com/channel/UCVEDZVtA5NUtjxSXHjtvkag
279,StokesTwins,Videogames,22700000,United States,11700000,235000,10000,http://youtube.com/channel/UCbp9MyKCTEww4CxEzc_Tp0Q
282,SSundee,Animation,22700000,United States,1700000,59800,1800,http://youtube.com/channel/UCke6I9N4KfC968-yRcd5YRg
283,souravjoshivlogs7028,Daily Vlogs,22700000,India,5600000,382300,8900,http://youtube.com/channel/UCjvgGbPPn-FgYeguc5nxG4A
284,THECHAINSMOKERS,Dance and Music,22700000,United States,38900,1800,76,http://youtube.com/channel/UCq3Ci-h945sbEYXpVlw7rJg
285,ZachKing,Movies,22600000,United States,4900000,238500,522,http://youtube.com/channel/UCq8DICunczvLuJJq414110A
286,BenAzelart,Videogames,22500000,United States,3700000,44900,2700,http://youtube.com/channel/UCwVg9btOceLQuNCdoQk9CXg
288,fgteev,Movies,22500000,United States,826800,10300,2100,http://youtube.com/channel/UCC-RHF_77zQdKcA75hr5oTQ
291,disneyla,Movies,22400000,Unknown,89100,105,0,http://youtube.com/channel/UCq3zaHCaZtb3TtNwwz0PK2w
292,smilefamily363,Animation,22400000,Unknown,7600,45,0,http://youtube.com/channel/UCjZ-Ekz7JDN6GDXwusvSHvg
296,rotanamusic,Dance and Music,22300000,Other,2100000,12600,321,http://youtube.com/channel/UCNhqvQMXIgRfjAGmxQqdNRw
297,RAFAELUIZOFICIAL,Movies,22100000,Brazil,671700,30500,522,http://youtube.com/channel/UC6paX0kLA8D81aYogceMufw
299,williesalim,Movies,21900000,Indonesia,396200,0,2800,http://youtube.com/channel/UCPCaXSwaos-QI03iZtx8I6g
302,TlnovelasOficial,Dance and Music,21900000,Mexico,5500,152,5,http://youtube.com/channel/UCKyU-wd-KY4PMOcOpPQgQcw
303,royaltyfam,Comedy,21900000,United States,4700000,67000,6600,http://youtube.com/channel/UCja7QUMRG9AD8X2F_vXFb9A
304,EvaBravoPlay,Animation,21800000,Unknown,332800,1300,0,http://youtube.com/channel/UCvYhgH0hXziSz9IyPztzUug
305,infinite,Videogames,21700000,United States,884800,45700,1400,http://youtube.com/channel/UC_hSjGOO67A6gIDUcyuv_8A
307,khangsresearchcentre1685,Education,21700000,India,7300000,501700,17000,http://youtube.com/channel/UCatL-c6pmnjzEOHSyjn-sHA
308,gmapublicaffairs,News and Politics,21700000,Philippines,4300,68,2,http://youtube.com/channel/UCj5RwDivLksanrNvkW0FB4w
309,vladandnikidn,Dance and Music,21700000,Unknown,529400,1300,0,http://youtube.com/channel/UCgG9IWOPcCIfQoI00xQBUbg
310,beckyg,Dance and Music,21500000,United States,0,0,0,http://youtube.com/channel/UCgtNC51EUSgcZ6kKyVoPxKA
311,Priyal_Kukreja,Daily Vlogs,21500000,India,7700000,224600,510,http://youtube.com/channel/UCzEAWIWMigRBbulQ6yVlilg
312,BaimPaula,Dance and Music,21300000,Indonesia,352500,12600,773,http://youtube.com/channel/UC5xAPCVizxOfnMECMXkal2Q
314,buzzfeedtasty,Food,21100000,United States,84300,3200,34,http://youtube.com/channel/UCJFp8uSYCjXOMnkUyb3CQ3Q
315,fatosdesconhecidos,Science and Technology,21100000,Brazil,92900,10200,407,http://youtube.com/channel/UCbAiIkPobUFy71zlmwVw3jw
316,lyricalemonade,Dance and Music,21100000,United States,2800000,127300,5800,http://youtube.com/channel/UCtylTUUVIGY_i5afsQYeBZA
317,MrVivekBindra,Education,21100000,India,56900,3100,17,http://youtube.com/channel/UCR-foyF-C6VuAlwy3KZMkgA
319,kurzgesagt,Education,21100000,United States,4900000,253500,14000,http://youtube.com/channel/UCsXVk37bltHxD1rDPwtNM8Q
320,romeo,Dance and Music,21100000,United States,3200000,53900,1600,http://youtube.com/channel/UCyxbZF7_PK4nLiexj0kkCNg
322,NBA,Sports,20900000,United States,46400,1000,55,http://youtube.com/channel/UCWJ2lWNubArHWmf3FIHbfcQ
323,JasonDerulo,Dance and Music,20800000,United States,80500,3100,35,http://youtube.com/channel/UCe3yZzUwpmy2eKKmF9svX0Q
324,KiddiestvHindi,Education,20800000,Unknown,17700,66,0,http://youtube.com/channel/UCvEAgG7WzPZnZkf9iOV_YCg
325,avicii,Dance and Music,20700000,United States,0,0,0,http://youtube.com/channel/UCPHjpfnnGklkRBBTd0k6aHg
326,5MinuteCraftsDIY,Dance and Music,20700000,India,14600,110,4,http://youtube.com/channel/UC2etEuPIfohP4P53wM0KImA
327,NinjaKidz,Videogames,20700000,United States,289800,6600,217,http://youtube.com/channel/UCpZ88DWlKW0H_AYDaUZptcw
328,7clouds,Dance and Music,20700000,United States,92100,1200,74,http://youtube.com/channel/UCNqFDjYTexJDET3rPDrmJKg
329,LinkinPark,Dance and Music,20700000,United States,73700,7100,134,http://youtube.com/channel/UCZU9T1ceaOgwfLRq7OKFU4Q
331,BabyBusID,Movies,20600000,Unknown,285400,744,0,http://youtube.com/channel/UC5v3gjCQLFeg8eBXO7ShdpQ
332,#NAME?,Education,20600000,Unknown,513400,3100,0,http://youtube.com/channel/UCJhSN5ic1QXn1doXzdiiCGQ
333,JoseComilaoTotoy,Animation,20600000,Unknown,199000,5000,0,http://youtube.com/channel/UCy7whoHQXzhYxp9AQmrPFVw
334,jakepaul,Others,20500000,United States,172400,7500,127,http://youtube.com/channel/UCcgVECVN4OKV6DH1jLkqmcA
335,somoynews360,Daily Vlogs,20500000,Other,7400,196,4,http://youtube.com/channel/UCxHoBXkY88Tb8z1Ssj6CWsQ
336,SlivkiShow,Videogames,20500000,Russia,2500000,154200,6800,http://youtube.com/channel/UCU_yU4xGT9hrVFo6euH8LLw
337,Miawaug,Videogames,20500000,Indonesia,748400,29300,2000,http://youtube.com/channel/UC3J4Q1grz46bdJ7NJLd4DGw
338,EmiwayBantai,Dance and Music,20500000,India,892800,95600,5500,http://youtube.com/channel/UCHmk8iNJHvf5mGN6_pkPc7g
340,Cookieswirlc,Videogames,20500000,United States,147000,2000,482,http://youtube.com/channel/UCelMeixAOTs2OQAAi9wU8-g
342,triggeredinsaan,Comedy,20400000,India,11100000,1400000,38000,http://youtube.com/channel/UCfLuT3JwLx8rvHjHfTymekw
343,SonyAATH,Others,20400000,Other,89500,782,49,http://youtube.com/channel/UCBz9qbqujcjIavFmBJW2oZw
344,IShowSpeed,Videogames,20300000,United States,2500000,101600,5000,http://youtube.com/channel/UCWsDFcIhY2DBi3GB5uykGXA
345,RobinHoodGamer1,Animation,20300000,Brazil,465800,17000,533,http://youtube.com/channel/UCYtaoJSk9iIrFxx8eZB15ag
346,5MinuteCraftsPLAY,Movies,20300000,India,14300,106,5,http://youtube.com/channel/UC57XAjJ04TY8gNxOWf-Sy0Q
347,marvel,Movies,20300000,United States,94400,5200,216,http://youtube.com/channel/UCvC4D8onUfXzvjTOM-dBfEA
350,gordonramsay,Food,20100000,United States,114900,2800,117,http://youtube.com/channel/UCIEv3lZ_tNXHzL3ox-_uUGQ
351,BuzzFeedVideo,Food,20100000,United States,15500,377,8,http://youtube.com/channel/UCpko_-a4wgz2u_DgDgd9fqA
352,unboxtherapy,Others,20100000,United States,178500,7300,140,http://youtube.com/channel/UCsTcErHg8oDvUnTzoqsYeNw
353,gusttavolimaoficial,Dance and Music,20100000,Brazil,131000,6000,88,http://youtube.com/channel/UCXooz9whNJZBRTHi9AqdjPw
354,AuthenticGames,Movies,20100000,Brazil,20100,2200,34,http://youtube.com/channel/UCIPA6iWNaoetaa1T46RkzXw
356,pencilmation,Animation,20100000,United States,179700,1500,88,http://youtube.com/channel/UCUAL--p3qAa27luR0IYbjZA
357,PinkPanther,Movies,20100000,Unknown,274200,1700,0,http://youtube.com/channel/UCFeUyPY6W8qX8w2o6oSiRmw
359,React,Comedy,20100000,United States,133300,5400,214,http://youtube.com/channel/UC0v-tlzsn0QZwJnkiaUSJVQ
360,PTXofficial,Dance and Music,20100000,United States,0,0,0,http://youtube.com/channel/UCmv1CLT6ZcFdTJMHxaR9XeA
361,VEVO,Dance and Music,20100000,United States,9500,519,7,http://youtube.com/channel/UC2pmfLm7iq6Ov1UwYrWYkZA
363,BGT,Dance and Music,19900000,Uk,40800,576,28,http://youtube.com/channel/UCUtZaxDF3hD5VK4xRYFBePQ
364,sctv_,Dance and Music,19900000,Indonesia,10900,225,13,http://youtube.com/channel/UC_vsErcsq56hOscPHkG-aVw
365,ClashOfClans,Movies,19900000,United States,1600000,30100,952,http://youtube.com/channel/UCD1Em4q90ZUK2R5HKesszJg
367,Vsauce,Science and Technology,19900000,United States,4500000,449000,3600,http://youtube.com/channel/UC6nSFpj9HTCZ5t-N3Rm3-HA
371,fifa,Sports,19700000,United States,43200,2100,28,http://youtube.com/channel/UCpcTrCXblq78GZrTUTLWeBw
372,CraftyPanda,Movies,19700000,India,18000,136,5,http://youtube.com/channel/UC03RvJoIhm_fMwlUpm9ZvFw
373,DLSNews,News and Politics,19700000,India,123000,3800,188,http://youtube.com/channel/UCw0ry7cLRUnq3Oaszlhgqfg
377,Sidemen,Videogames,19500000,Uk,9200000,284800,8200,http://youtube.com/channel/UCDogdKl7t7NHzQ95aEwkdMw
379,heidizidane9861,Daily Vlogs,19400000,Unknown,12800,65,0,http://youtube.com/channel/UCC9Iz-AebxsyVF4iZagOtwA
381,sonotek,Dance and Music,19300000,India,9800,396,70,http://youtube.com/channel/UC3zVeAaoPEN1Tu25dW3G2Ig
385,degoboom,Movies,19200000,Mexico,156100,5200,22,http://youtube.com/channel/UCj9rK3jt8qmih4mZX0UL67g
387,CalvinHarris,Dance and Music,19100000,United States,71300,3500,156,http://youtube.com/channel/UCIjYyZxkFucP_W-tmXg_9Ow
388,howridiculous,Videogames,19100000,United States,3700000,68300,312,http://youtube.com/channel/UC5f5IV0Bf79YLp_p9nfInRA
392,ThePoznavatel,Others,19100000,Russia,2300000,33200,2100,http://youtube.com/channel/UCXTMoE1XgvxN4iCt5-gZzCw
394,TEDEd,Science and Technology,19100000,United States,303100,12400,512,http://youtube.com/channel/UCsooa4yRKGN_zEE8iknghZA
395,HiBestMan,Videogames,19100000,Russia,1300000,49300,1600,http://youtube.com/channel/UCM44x9uWlx__9M9Y2IFhxzQ
396,cardib,Dance and Music,19100000,United States,131800,11500,475,http://youtube.com/channel/UCxMAbVFmxKUVGAll0WVGpFw
397,smilefamilyspanish1463,Animation,19000000,Unknown,83800,107,0,http://youtube.com/channel/UCau6-7svf1fw2QCUJDj68eQ
398,LittleAngelEspanol,Animation,19000000,Unknown,123500,339,0,http://youtube.com/channel/UCTdRly9T3iyCJFjmRoCaepQ
401,grammygoldofficial,Dance and Music,18800000,Thailand,12900,309,9,http://youtube.com/channel/UCFWsjsN53Sqvg2pWhSFmWBQ
402,IanLucasOficial,Movies,18800000,Other,5600000,401700,2700,http://youtube.com/channel/UCmzDf_a7CCFuxos7hspcWRQ
403,alia,Animation,18800000,United States,336100,10200,297,http://youtube.com/channel/UCYVinkwSX7szARULgYpvhLw
404,ArianaGrandeVevo,Dance and Music,18700000,United States,0,0,0,http://youtube.com/channel/UC0VOyT2OCBKdQhF3BAbZ-1g
405,MrMarmok,Animation,18600000,Russia,3600000,328100,6700,http://youtube.com/channel/UCf31Gf5nCU8J6eUlr7QSU0w
406,LikeNastya_Vlog,Daily Vlogs,18600000,Unknown,484100,1800,0,http://youtube.com/channel/UCCI5Xsd_gCbZb9eTeOf9FdQ
407,elcanaldePlimPlim,Dance and Music,18600000,Unknown,665100,0,0,http://youtube.com/channel/UCYQo8CdhXD22qfwUBUw591Q
410,Blippi,Education,18600000,Unknown,722900,3800,0,http://youtube.com/channel/UC5PYHgAzJ1wLEidB58SK6Xw
411,rsiammusic,Dance and Music,18600000,Thailand,6200,137,5,http://youtube.com/channel/UCLcCpNY-zaL3vEERD5rh5Ew
412,DanielSaboya,Dance and Music,18600000,Brazil,12600,544,6,http://youtube.com/channel/UCEUf_uUDUfJJ3XfgwOxm-0A
414,news18India,News and Politics,18500000,India,5400,114,1,http://youtube.com/channel/UCPP3etACgdUWvizcES1dJ8Q
415,NaisaAlifiaYurizaNAY,Dance and Music,18400000,Indonesia,160900,7800,78,http://youtube.com/channel/UCtjFp8VXWIscsqQ2wokpo3Q
417,MSA.official,Animation,18400000,United States,4300000,96800,3600,http://youtube.com/channel/UCYzEMRKqrh01-tauv7MYyVQ
418,GoodMythicalMorning,Food,18400000,United States,447300,20200,532,http://youtube.com/channel/UC4PooiX37Pld1T8J5SYT-SQ
419,SonyMusicSouthVEVO,Dance and Music,18400000,Unknown,1300,7,1,http://youtube.com/channel/UCTNtRdBAiZtHP9w7JinzfUg
421,DannyFitt,Movies,18300000,Mexico,340000,14200,128,http://youtube.com/channel/UC_82tbyeBHSaDbL725LMlvw
422,korayzeynep,Daily Vlogs,18200000,Other,198800,5800,0,http://youtube.com/channel/UCTAacyv5T4cSus1W4D6eBfA
423,GENHALILINTAR,Dance and Music,18200000,Indonesia,89200,2800,59,http://youtube.com/channel/UCfRNJiafEm1LBBGFTTq4cXw
424,INCRIVEL_PT,Science and Technology,18200000,Unknown,8900,415,13,http://youtube.com/channel/UCIQPHl1WKKTt9KkWyo_JNig
425,Apple,Dance and Music,18200000,Unknown,3000000,18300,0,http://youtube.com/channel/UCE_M8A5yxnLfW0KghEeajjw
426,LuisFonsiVEVO,Dance and Music,18200000,Other,2000000,33100,3000,http://youtube.com/channel/UCLp8RBhQHu9wSsq62j_Md6A
427,manualdomundo,Science and Technology,18200000,Brazil,311200,35500,299,http://youtube.com/channel/UCKHhA5hN2UohhFDfNXB_cvQ
428,KatieAngelTV_,Dance and Music,18200000,Mexico,0,0,0,http://youtube.com/channel/UCgSMDG8aGE3YHfBCXHuPpYA
429,LikeNastya_VNM,Movies,18200000,Unknown,410200,0,0,http://youtube.com/channel/UClK8w-hLJlhR6fL5_xQg_VA
430,SebastianYatra,Dance and Music,18200000,Colombia,26300,2000,92,http://youtube.com/channel/UCssFxr-IdIa-wpG3jUXYrmw
432,Aphmau,Animation,18000000,United States,2000000,37800,2700,http://youtube.com/channel/UCzYfz8uibvnB7Yc1LjePi4g
433,TheGrefg,Movies,18000000,Other,145900,10400,82,http://youtube.com/channel/UCCEmjNPpJYhGDgaEqeeA4HA
434,RobleisIUTU,Movies,18000000,Other,267500,18500,426,http://youtube.com/channel/UCG8eSYvOQUpb9HM8zU5d6xg
436,tanboykun,Dance and Music,18000000,Indonesia,1400000,25400,1400,http://youtube.com/channel/UC8rHUssNDJ9YEjfduAqJBmw
437,BispoBrunoLeonardo,Dance and Music,18000000,Brazil,762100,276400,154000,http://youtube.com/channel/UCVNouUw3d3l5JYVCxhAQXKA
438,News24thinkfirst,News and Politics,18000000,India,4400,93,4,http://youtube.com/channel/UCuzS3rPQAYqHcLWqOFuY0pw
439,ZuniandFamilyofficial,Daily Vlogs,18000000,Unknown,58300,177,0,http://youtube.com/channel/UCAelPgCHWYyEs8-TFuOVRtg
442,demilovato,Dance and Music,18000000,United States,34300,5200,166,http://youtube.com/channel/UCZkURf9tDolFOeuw_4RD7XQ
443,AMARINTVHD,News and Politics,18000000,Thailand,9000,137,5,http://youtube.com/channel/UCzMoibQRslh_1bTuW0YXc6A
444,GameTheory,Movies,18000000,United States,2600000,120000,4500,http://youtube.com/channel/UCo_IB5145EVNcf8hw1Kku7w
445,Jane_asmr,Daily Vlogs,17800000,Indonesia,131600,2600,190,http://youtube.com/channel/UC2fsxQr6Hcx1enORxXgKpxQ
446,portadosfundos,Movies,17800000,Brazil,390100,26200,184,http://youtube.com/channel/UCEWHPFNilsT0IfQfutVzsag
448,mgcplayhouse,Others,17800000,Unknown,56300,96,0,http://youtube.com/channel/UC6zPzUJo8hu-5TzUk8IEC2Q
452,mgcplayhouse,Others,17800000,Unknown,63600,75,0,http://youtube.com/channel/UC6zPzUJo8hu-5TzUk8IEC2Q
453,lilpumpeskii,Dance and Music,17700000,United States,139500,5300,566,http://youtube.com/channel/UC6pjHMC4QXMi4llCCjtDXWg
454,NarendraModi,News and Politics,17700000,India,39500,2700,108,http://youtube.com/channel/UC1NF71EwP41VdjAU1iXdLkw
458,jasonvlogslife,Animation,17600000,Unknown,368500,896,0,http://youtube.com/channel/UCjmAh2qxmvWdH3xNPbg0IUQ
459,PrimeVideoIN,Movies,17600000,India,18400,535,4,http://youtube.com/channel/UC4zWG9LccdWGUlF77LZ8toA
460,JFlaMusic,Dance and Music,17600000,United States,59800,3100,426,http://youtube.com/channel/UClkRzsdvg7_RKVhwDwiDZOA
461,musicalrmastv1,Dance and Music,17600000,Other,103600,4500,259,http://youtube.com/channel/UCVrstuGnHjpUXr9G98wwKow
462,mkbhd,Science and Technology,17600000,United States,1400000,81100,2500,http://youtube.com/channel/UCBJycsmduvYEL83R_U4JriQ
463,RepublicTVBharat,News and Politics,17600000,India,7100,0,3,http://youtube.com/channel/UC7wXt18f2iA3EDXeqAVuKng
464,zappytoons,Education,17500000,Unknown,110400,625,0,http://youtube.com/channel/UCcryiZdagSR9M-Oii_Y4OfQ
465,ElReinoAJugar,Education,17500000,Unknown,216600,570,0,http://youtube.com/channel/UCsm77kEHBDEPgD4Ir3jSRYg
466,HowToBasic,Food,17400000,United States,1800000,63500,5200,http://youtube.com/channel/UCR4s1DE9J4DHzZYXMltSMAg
467,stubbornfacts,News and Politics,17400000,India,20700,1000,56,http://youtube.com/channel/UCJZ5gFXzSZ9i-R1HEnS8U_A
468,TheBrianMaps,Videogames,17400000,Russia,5100000,390700,11000,http://youtube.com/channel/UCyJrhZm9KXrzRub3-wD2zWg
469,anitta,Dance and Music,17400000,Brazil,67700,5600,111,http://youtube.com/channel/UCqjjyPUghDSSKFBABM_CXMw
470,jordanmatter,Dance and Music,17400000,United States,7900000,98500,8500,http://youtube.com/channel/UCKaCalz5N5ienIbfPzEbYuA
471,TRANSTVofficial,Dance and Music,17300000,Indonesia,1000,17,1,http://youtube.com/channel/UCIohHXwCEKxWCLvAguJ-GjA
472,JohnyFamilyShow,Dance and Music,17300000,Unknown,52500,129,0,http://youtube.com/channel/UCq8KR1lnewd5ZPx9_XKoubg
473,popchartbusters,Dance and Music,17200000,India,14500,350,48,http://youtube.com/channel/UCzL6rJhkoXkIt0fCv9T9_uA
474,Willyrex,Movies,17200000,Mexico,133400,10000,72,http://youtube.com/channel/UC8rNKrqBxJqL9izOOMxBJtw
475,Queen,Dance and Music,17200000,United States,122500,8600,206,http://youtube.com/channel/UCiMhD4jzUqG-IgPzUmmytRQ
478,AayuandPihuShow,Movies,17000000,India,2600000,44300,7100,http://youtube.com/channel/UCFcBAGR0drI3F15EhMFjuTg
479,SriBalajiMovies,Movies,17000000,India,9800,281,0,http://youtube.com/channel/UCoy3dQzEdq1y2zMnT4pdj3Q
481,LikeNastya_IDN,Dance and Music,17000000,Unknown,241500,0,0,http://youtube.com/channel/UCui_SuV6CzSgB1bdwL5utzg
482,VICE,News and Politics,17000000,United States,45600,884,56,http://youtube.com/channel/UCn8zNIfYAQNdrFRrr8oibKw
483,GatoGalactico,Animation,17000000,Brazil,71900,1500,0,http://youtube.com/channel/UCbt4SegZBQLeXMTMvnrfZtw
484,LahariMusicIndia,Dance and Music,17000000,India,14000,523,8,http://youtube.com/channel/UCnSqxrSfo1sK4WZ7nBpYW1Q
486,BBCHindi,News and Politics,17000000,India,84900,0,181,http://youtube.com/channel/UCN7B-QD0Qgn2boVH5Q0pOWg
488,withkids2063,Animation,16900000,United States,28200,0,0,http://youtube.com/channel/UC6ye474SJCiPsEPueO_b3Gw
489,BeastPhilanthropy,Food,16900000,United States,21500000,952100,24000,http://youtube.com/channel/UCAiLfjNXkNv24uhpzUgPa6A
490,BollywoodClassics,Dance and Music,16900000,India,40100,191,12,http://youtube.com/channel/UCZ_OLiS7DkyCg89eV_qQMoQ
491,DesiMelodies,Dance and Music,16800000,India,2400000,9500,259,http://youtube.com/channel/UC783dnzJqf2ghHp_pFLYbGA
492,IvanaAlawi,Movies,16800000,Philippines,3200000,109400,6800,http://youtube.com/channel/UCypeLkg3Ne5-LIyiB41b1GQ
493,NMFNews,News and Politics,16800000,India,4000,86,2,http://youtube.com/channel/UCvxi7_X1VSaMr_osIamYNaw
494,DeToxoMoroxo-Oficial,Movies,16800000,Mexico,352900,15600,2800,http://youtube.com/channel/UCq_oSgHK9lk6NUUgkhUOPnw
495,ufc,Sports,16800000,United States,86700,1700,189,http://youtube.com/channel/UCvgfXK4nTYKudb0rFR6noLA
496,gmmtv,Dance and Music,16800000,Thailand,34000,951,27,http://youtube.com/channel/UC8BzJM6_VbZTdiNLD4R1jxQ
497,SagarKalraShorts,Daily Vlogs,16800000,India,864100,8000,129,http://youtube.com/channel/UClO7QTL3RLMGW9Px4Q8znog
499,TuCOSMOPOLIS,News and Politics,16800000,Mexico,37900,2400,249,http://youtube.com/channel/UCo4ywJQXfUIB0lCBpczW3cA
501,thairathonline,News and Politics,16700000,Thailand,9100,137,6,http://youtube.com/channel/UCrFDdD-EE05N7gjwZho2wqw
502,viralhog,Others,16700000,United States,39500,1300,28,http://youtube.com/channel/UC3339WgBDKIcxTfywuSmG8w
503,failarmy,Animation,16700000,United States,2200000,20700,746,http://youtube.com/channel/UCPDis9pjXuqyI7RYLJ-TTSA
504,IDEASEN5MINUTOSoficial,Movies,16700000,Mexico,116500,246,8,http://youtube.com/channel/UC_OLtzRJdg0MJfiqGWAAIHw
507,DailyDoseOfInternet,Others,16600000,United States,4000000,193200,5200,http://youtube.com/channel/UCdC0An4ZPNr_YiFiYoVbwaw
508,KaykaiSalaiderChannel,Movies,16600000,Thailand,813000,32500,369,http://youtube.com/channel/UCdLGCJcIGu5ExzYN6CXtkIw
509,LEGO,Animation,16600000,United States,28000,304,0,http://youtube.com/channel/UCP-Ng5SXUEt0VE-TXqRdL6g
510,RCTILAYARDRAMAINDONESIA,Dance and Music,16600000,Indonesia,10200,174,5,http://youtube.com/channel/UCzTsWuCdVP_vehWyGwPcS3Q
513,Pitbull,Dance and Music,16500000,United States,9800,859,42,http://youtube.com/channel/UCv8nzwVPQDRjkPCkEsOdEwA
514,boyceavenue,Dance and Music,16500000,Brazil,17200,1400,26,http://youtube.com/channel/UCgc00bfF_PvO_2AvqJZHXFg
517,Lyna,Movies,16400000,Other,327300,9600,816,http://youtube.com/channel/UC-cnbLlplnXA4oc7rR21qzg
519,Infobellsbengalirhymes,Education,16400000,Unknown,746400,20500,0,http://youtube.com/channel/UCAWuV9ZZ0itI3WR-JHWIUNQ
520,GLENTYOUTUBE,Videogames,16400000,Russia,1800000,100900,1800,http://youtube.com/channel/UCBYvr4SqfGQd5fTmOXVQ4Zw
521,T3ddy,Daily Vlogs,16400000,Brazil,413500,42600,941,http://youtube.com/channel/UC5mZsx_OVnc4XmG9rWU2p3A
522,FitDanceTV,Dance and Music,16400000,Unknown,29100,844,11,http://youtube.com/channel/UCl_AQeO6ynSDRSjclc1e16Q
524,mattstonie,Food,16400000,United States,1800000,54600,1800,http://youtube.com/channel/UCd1fLoVFooPeWqCEYVUJZqg
525,TWICE,Dance and Music,16400000,Philippines,350600,51700,304,http://youtube.com/channel/UCzgxx_DM2Dcb9Y1spb9mUJA
527,Unspeakable,Videogames,16400000,United States,1900000,40000,318,http://youtube.com/channel/UCwIWAbIeu0xI0ReKWOcw3eg
528,vladandnikiarab,Animation,16300000,Unknown,126100,613,0,http://youtube.com/channel/UCoxoYSL3rFXB7JSELiI5V1w
529,ADME_RU,Animation,16300000,Russia,17200,472,26,http://youtube.com/channel/UCuVpbMt4yu4I9eAey3khnGg
530,DearSir,Education,16300000,India,266300,22500,2300,http://youtube.com/channel/UC9dyrsYEmD4iGJ8Oz1G5dpw
531,JoseComelonEspanol,Food,16300000,Unknown,484600,1900,0,http://youtube.com/channel/UCiqE9bJFJhPEOVGdpj2LdEg
533,antrax,Animation,16200000,Mexico,623600,39500,746,http://youtube.com/channel/UCNbwP-bKUlKrE_5qDwvFILQ
534,kidsplay,Movies,16200000,Unknown,28300,132,0,http://youtube.com/channel/UClyPv5RRfYdUFv2SsgV5uMw
535,DylandPROS,Movies,16200000,Indonesia,21500,996,28,http://youtube.com/channel/UCXdmo_q4SawYMz-dmeKEHPQ
536,TV9Bharatvarsh,News and Politics,16200000,India,4100,97,1,http://youtube.com/channel/UCOutOIcn_oho8pyVN3Ng-Pg
537,mkmusic,Dance and Music,16100000,Brazil,29200,1700,67,http://youtube.com/channel/UCbVwJCxsVbmaP1PFmbGQDeQ
538,MoreAliA,Animation,16100000,United States,645200,11900,389,http://youtube.com/channel/UCyeVfsThIHM_mEZq7YXIQSQ
540,camilo,Dance and Music,16000000,Colombia,560000,17000,590,http://youtube.com/channel/UCw0aKHSGFGyrnMeVnHeYMyw
541,Arifmuhammadd,Dance and Music,16000000,Indonesia,3300000,62400,2000,http://youtube.com/channel/UCfx3oPv3cJm2aCJ7UnhKx8A
543,wifistudy,Education,16000000,India,3900,184,4,http://youtube.com/channel/UCuWuAvEnKWez5BUr29VpwqA
544,katakit_baby,Dance and Music,16000000,Other,174500,1200,0,http://youtube.com/channel/UChDk1SYEDyC4s74mKwfBUKQ
546,JulianaBaltar,Movies,16000000,Brazil,207800,9400,139,http://youtube.com/channel/UCqDauP_ke8Lwt8Hg3Xv-8Iw
548,kuplinovplay,Videogames,16000000,Russia,1900000,124700,2300,http://youtube.com/channel/UCdKuE7a2QZeHPhDntXVZ91w
550,DopeLyrics,Dance and Music,16000000,United States,24200,242,16,http://youtube.com/channel/UCvR2R7j218tzejtTsb_X6Rw
551,hamaarbhojpuri,Dance and Music,16000000,India,32200,1200,22,http://youtube.com/channel/UCpN-WGQgGsOrXm7nHXDdTDA
552,yudistardhana,Movies,16000000,Indonesia,492000,18300,148,http://youtube.com/channel/UCvc00uetYIML9D-7BBrEXLA
554,ChetanMongaVlogs,Daily Vlogs,15900000,India,1400000,95100,238,http://youtube.com/channel/UCZLOlM5df0CXW9bP5MAeE7A
555,TeamFilmsBhojpuri,Dance and Music,15900000,India,11600,241,17,http://youtube.com/channel/UCB4SvelHl4qjFSNYfxhp-SQ
560,RottenTomatoesTRAILERS,Movies,15800000,United States,34600,510,49,http://youtube.com/channel/UCi8e0iOVk1fEOogdfu4YgfA
561,FCBarcelona,Sports,15800000,United States,164500,12100,172,http://youtube.com/channel/UC14UlmYlSNiQCBe9Eookf_A
562,5MCArabic,Movies,15800000,Other,32500,169,4,http://youtube.com/channel/UCy7QvWo7uV_AcoLJL5RIwkQ
565,TalkingFriends,Animation,15700000,United States,17800,125,0,http://youtube.com/channel/UCDCNmuaOXOo25Yn4mbMHhhQ
566,SonyMusicSouth,Dance and Music,15600000,India,256100,3000,85,http://youtube.com/channel/UCn4rEMqKtwBQ6-oEwbd4PcA
567,zutigang,Daily Vlogs,15600000,United States,124400,4900,24,http://youtube.com/channel/UCNBTflmnht6ZMRNCDNilw9g
568,HenriqueeJuliano,Dance and Music,15600000,Brazil,2000000,19100,453,http://youtube.com/channel/UCfLTxnQboSLcoSakgONmukQ
570,CNN,Dance and Music,15600000,United States,152800,2300,983,http://youtube.com/channel/UCupvZG-5ko_eiXAupbDfxWw
571,MobileLegends5v5MOBA,Animation,15600000,Indonesia,80900,695,6,http://youtube.com/channel/UCqmld-BIYME2i_ooRTo1EOg
572,Zayn,Dance and Music,15600000,United States,145200,20500,935,http://youtube.com/channel/UC3PdiRW5dUA4V70ueeR1eHA
573,genierock,Dance and Music,15600000,Thailand,66700,742,41,http://youtube.com/channel/UCs2t9DlvAuyTBkvk2djGZKw
574,TheHarshBeniwal,Movies,15600000,India,0,0,0,http://youtube.com/channel/UCVmEbEQUGXHVm-O9pqa3JWg
575,joerogan,Daily Vlogs,15600000,United States,1200000,20700,3100,http://youtube.com/channel/UCzQUP1qoWDoEbmsQxvdjxgQ
576,SRKMUSIC,Dance and Music,15600000,India,13000,318,20,http://youtube.com/channel/UCAH1Aw-mXgcB3t8uaqW4yTA
577,EliKids,Dance and Music,15600000,Unknown,173500,2300,0,http://youtube.com/channel/UCVi_GtP-1stDmhPuWCCQ5KA
578,Senya_Super,Animation,15500000,Unknown,15800,117,0,http://youtube.com/channel/UCjx0-lAtcB7pTxT6MaGPs9g
579,ShriPrashant,Education,15500000,India,71800,6300,44,http://youtube.com/channel/UCMgapddJymOC6MBOiOqia1A
580,A2Motivation,Education,15500000,India,715000,103500,634,http://youtube.com/channel/UC6ERimtc5zFrn7x6Bk3HaHA
582,Kerajinan5-Menit,Dance and Music,15400000,Indonesia,11500,70,3,http://youtube.com/channel/UClIYfCAhMAlacxT0e_sl1uA
583,romanatwoodvlogs,Movies,15400000,United States,2500000,106700,4300,http://youtube.com/channel/UC-SV8-bUJfXjrRMnp7F8Wzw
584,LinusTechTips,Science and Technology,15400000,United States,1100000,54800,3100,http://youtube.com/channel/UCXuqSBlHAE6Xw-yeJA0Tunw
585,DaveAndAva,Dance and Music,15400000,Unknown,164100,559,0,http://youtube.com/channel/UC6zhI71atP7YLoZyIyCIGNw
586,kompastv,News and Politics,15400000,Indonesia,4400,34,5,http://youtube.com/channel/UC5BMIWZe9isJXLZZWPWvBlg
589,Jesser,Videogames,15400000,United States,1300000,50600,321,http://youtube.com/channel/UCQIUhhcmXsu6cN6n3y9-Pww
590,RayWilliamJohnson,Animation,15400000,United States,2600000,237600,1800,http://youtube.com/channel/UCGt7X90Au6BV8rf49BiM6Dg
591,GoAmiGo,Daily Vlogs,15400000,Colombia,7900000,455300,2300,http://youtube.com/channel/UCp4Fk7Xy_wYq8sFKcKNrQCA
592,nianaguerrero,Dance and Music,15400000,Philippines,504800,12100,290,http://youtube.com/channel/UCLysbxhOO_JPOPgcsPCMb8w
593,abscbnnews,News and Politics,15400000,Philippines,3800,39,2,http://youtube.com/channel/UCE2606prvXQc_noEqKxVJXA
594,ndtvindia,News and Politics,15400000,India,3300,38,2,http://youtube.com/channel/UC9CYT9gSNLevX5ey2_6CK0Q
595,MNCTVOfficialId,Dance and Music,15300000,Indonesia,1200,34,0,http://youtube.com/channel/UC34xi8JB1AKSotPUKHywbaA
597,studyiqofficial,Education,15200000,India,16400,883,21,http://youtube.com/channel/UCrC8mOqJQpoB7NuIMKIS6rQ
599,MohamedRamadan,Dance and Music,15200000,Other,272900,6400,82,http://youtube.com/channel/UCJCj2HtcnbOyCj1rmKaxwJg
600,HongyuOthers,Others,15200000,United States,368500,4100,148,http://youtube.com/channel/UCxtLc0Jqq3SKBWlIXM_OC9g
601,DaftarPopuler,Science and Technology,15200000,Indonesia,56400,749,97,http://youtube.com/channel/UCQW2tTNJ40V2T6MqV1eMZ0w
602,EdisonPts,Videogames,15200000,Russia,1600000,108100,4200,http://youtube.com/channel/UCrpt82vHWIWZSHtNQxncPrg
603,SupercarBlondie,Animation,15200000,United States,745100,23100,425,http://youtube.com/channel/UCKSVUHI9rbbkXhvAXK-2uxA
606,kwebbelkop,Animation,15200000,United States,60800,602,279,http://youtube.com/channel/UCfLuMSIDmeWRYpuCQL0OJ6A
608,PPMussas,Others,15200000,Mexico,230400,10400,393,http://youtube.com/channel/UClnKzwo9CPkYix6V9jK4JTQ
609,Makiman131,Movies,15200000,Other,238400,11000,345,http://youtube.com/channel/UCevY-z55kr37ZAXG15F-KiA
610,LittleAngelBrasil,Animation,15100000,Unknown,206800,453,0,http://youtube.com/channel/UCAdpXDXkrrYQXFtAbJixRUg
613,NetflixJr,Animation,15100000,Unknown,104200,197,0,http://youtube.com/channel/UCAJnyTWJPpKXuwgWQDdNWrQ
614,TazerCraft,Movies,15000000,Brazil,182000,12700,525,http://youtube.com/channel/UCjBO43ykxlSs3j7F7EXcBUQ
616,XpressTV,Science and Technology,15000000,Mexico,1100000,33400,311,http://youtube.com/channel/UC0YFjwJc3b1otDerdv6CfWA
617,ABCNews,News and Politics,15000000,United States,10900,115,50,http://youtube.com/channel/UCBi2mrWuNuyYy4gbM6fU18Q
618,Therichest,News and Politics,15000000,United States,8500,246,19,http://youtube.com/channel/UCdxi8d8qRsRyUi2ERYjYb-w
619,leagueoflegends,Movies,15000000,United States,909100,45300,1900,http://youtube.com/channel/UC2t5bjwHdUX4vM2g8TRDq5g
621,mispastelitos,Food,15000000,Mexico,1700000,89700,903,http://youtube.com/channel/UCkjjH0hsvaeRIuwGlM9oSvg
622,crashcourse,Science and Technology,15000000,United States,28900,1200,32,http://youtube.com/channel/UCX6b17PVsYBQ0ip5gyeme-Q
624,itowngameplay,Animation,15000000,Mexico,47100,2600,167,http://youtube.com/channel/UCKmlxQVs0vHtaLldRIQ8lsA
625,TroomTroomRu,Videogames,15000000,Unknown,96000,2000,11,http://youtube.com/channel/UCq1JpGFxcZTbbOAz010U-og
626,jorgeemateus,Dance and Music,14900000,Brazil,72600,2400,103,http://youtube.com/channel/UCL64gn1KZ1C-u87BGQv3b6w
630,MattyBRaps,Dance and Music,14900000,United States,267900,949,0,http://youtube.com/channel/UCmdY1pHB-KbFYxOyhwjVeQw
631,OReinoInfantil,Dance and Music,14900000,Unknown,88300,262,0,http://youtube.com/channel/UCooY3HgjOMWoDpIHMDM4ghQ
632,AadishaktiFilms,Dance and Music,14900000,Unknown,12500,336,30,http://youtube.com/channel/UC1Ekm042kfOFJyKaTIYOVIA
633,GyanGaming,Videogames,14800000,India,264800,22700,248,http://youtube.com/channel/UChXi_PlJkRMPYFQBOJ3MpxA
634,fueledbyramen,Dance and Music,14800000,United States,88400,696,40,http://youtube.com/channel/UClVrJwcIy7saPcGc1nct80A
635,camilaloures,Movies,14800000,Brazil,271900,16700,237,http://youtube.com/channel/UCvuJTWl_peL49CUfF2EAbyg
637,MeghanTrainor,Movies,14800000,United States,17600,662,49,http://youtube.com/channel/UCkXgEcpoTE4tHsebYBouWpA
639,majorlazer,Dance and Music,14800000,United States,25700,722,36,http://youtube.com/channel/UCMJ5Qf3sOvQpcYiai1Noa3Q
640,lachlan,Animation,14800000,United States,500700,19500,262,http://youtube.com/channel/UCh7EqOZt7EvO2osuKbIlpGg
641,MalumaVEVO,Dance and Music,14800000,Mexico,226400,8500,275,http://youtube.com/channel/UCFkoPRmuxqr37jvGmmpzhzQ
642,chadwildclay,Movies,14800000,United States,864700,17500,3200,http://youtube.com/channel/UCwaNuezahYT3BOjfXsne2mg
643,auron,Movies,14800000,Mexico,1100000,48800,861,http://youtube.com/channel/UCFR2oaNj02WnXkOgLH0iqOA
644,E_MasterSensei,Movies,14800000,Mexico,519800,32200,459,http://youtube.com/channel/UC3osN7-7XJq3NEoKZIUUx0w
645,MartinGarrix,Dance and Music,14800000,United States,40700,4000,130,http://youtube.com/channel/UC5H_KXkPbEsGs0tFt8R35mA
647,collegehumor,Movies,14800000,United States,212000,10100,487,http://youtube.com/channel/UCPDXXXJj9nax0fr0Wfc048g
648,BBCNews,News and Politics,14800000,United States,66300,913,444,http://youtube.com/channel/UC16niRr50-MSBwiO3YDb3RA
649,DocTops,Animation,14800000,Mexico,1300000,45200,881,http://youtube.com/channel/UCAolsolgHiURrQBuZ4qe0lg
650,PrestonPlayz,Animation,14800000,United States,787300,11900,686,http://youtube.com/channel/UCJZam2u1G0syq3kyqrCXrNw
653,nostalgia,Science and Technology,14700000,Unknown,53900,6400,335,http://youtube.com/channel/UCH2VZQBLFTOp6I_qgnBJCuQ
656,cokestudio,Dance and Music,14700000,Pakistan,1800000,1400,47,http://youtube.com/channel/UCM1VesJtJ9vTXcMLLr_FfdQ
657,LikeNastya_Stories,Animation,14700000,Unknown,77600,345,0,http://youtube.com/channel/UCcqANnGO-HUapcmL2zyEI0g
658,user-ts8yv9np7m,Movies,14700000,Unknown,38000,159,0,http://youtube.com/channel/UCraaN4FiNe7l3F4XR6s246A
659,infobellskannadarhymes,Education,14700000,Unknown,348300,8100,0,http://youtube.com/channel/UCzKWILdrVl8ZEcDzaH4kl_A
661,rebeccazamolo,Videogames,14600000,United States,2900000,30400,2600,http://youtube.com/channel/UCfw8x3VR-ElcaWW2Tg_jgSA
666,TheDodo,Others,14600000,United States,462900,12300,412,http://youtube.com/channel/UCINb0wqPz-A0dV9nARjJlOQ
669,boramtubetoysreview9575,Movies,14600000,Unknown,9500,77,0,http://youtube.com/channel/UC3pnQ7MHDABUFungNcMQ7dA
670,legendaefunk,Dance and Music,14600000,Brazil,3700,154,8,http://youtube.com/channel/UCgO5cJ4sL1um054gGYusjiA
671,woodyandkleiny,Videogames,14600000,United States,524900,35100,86,http://youtube.com/channel/UCoGForHQAmk0_9rI9CABeYw
672,NobruTV,Movies,14600000,Brazil,367300,31300,125,http://youtube.com/channel/UCqWmLengIKFXRjuL1YyXNSg
673,reactiontime,Animation,14600000,United States,12600,681,30,http://youtube.com/channel/UChM5Ff2yVeIZ16EWiB081cg
674,TommyInnit,Videogames,14600000,United States,1400000,99000,4900,http://youtube.com/channel/UC5p_l5ZeB_wGjO_yDXwiqvw
675,LillySingh,Animation,14600000,United States,54700,3600,55,http://youtube.com/channel/UCfm4y4rHF5HGrSr-qbvOwOg
678,IanBoggs,Movies,14500000,United States,2500000,175300,1800,http://youtube.com/channel/UC9yadlAEiyOUNa3y4dnuYFg
679,Drawblogs,Movies,14400000,Mexico,9300,446,25,http://youtube.com/channel/UCkuPobJMx7DPUdwlVo1TFfA
680,RosannaPansino,Others,14400000,United States,48500,3300,31,http://youtube.com/channel/UCjwmbv6NE4mOh8Z8VhPUx1Q
681,LuliPampin,Dance and Music,14400000,Unknown,1200000,2500,0,http://youtube.com/channel/UCCw5Xsx3WazdczGTKJdjwPQ
682,CrescendocomLuluca,Animation,14400000,Brazil,768300,31200,1700,http://youtube.com/channel/UCnrGkE2AmBAv6Vxj6kjf1jg
683,AlexaRivera,Animation,14400000,United States,3500000,87700,2500,http://youtube.com/channel/UCPpATKqmMV-CNRNWYaDUwiA
684,dangmattsmith,Animation,14400000,Unknown,58000,3000,274,http://youtube.com/channel/UCe56RtxwepRSyZ-b--SedOw
685,WishFM1075official,Dance and Music,14400000,Philippines,49400,711,73,http://youtube.com/channel/UCdfq8-581QVUtVsa8ChVnDQ
686,BobonSantoso,Dance and Music,14400000,Indonesia,242200,7100,137,http://youtube.com/channel/UCCeJqNJdhaydrlubVLzyErQ
687,nikkietutorials,Others,14400000,United States,2700000,152400,1100,http://youtube.com/channel/UCzTKskwIc_-a0cGvCXA848Q
688,Compot,Videogames,14400000,Russia,1000000,40600,1700,http://youtube.com/channel/UC0cWWruNMb95iCBEOzPnjRA
689,vladandnikirus,Others,14300000,Unknown,832100,2700,0,http://youtube.com/channel/UCppy4jafHu51iCMl-7qVbFA
690,JamunaTVbd,News and Politics,14300000,Other,3800,70,11,http://youtube.com/channel/UCN6sm8iHiPd0cnoUardDAnw
694,ETVJabardasth,Comedy,14300000,India,70800,1700,4,http://youtube.com/channel/UCnoqvTW4YZExfDeq7_Wmd-w
695,Jazzghost,Animation,14200000,Brazil,1400000,61500,2100,http://youtube.com/channel/UCIXguhHCl8eDTkXpEuiGPUA
697,airrack,Videogames,14200000,United States,4400000,192700,6400,http://youtube.com/channel/UCyps-v4WNjWDnYRKmZ4BUGw
698,inventonahora,Movies,14200000,Brazil,466900,47500,447,http://youtube.com/channel/UCR3vcUrhFUdzagng58ueI2w
700,nehakakkar,Dance and Music,14200000,India,320100,25600,284,http://youtube.com/channel/UCicMnWThgzNjUmqpd-nUTXQ
702,ComePlayWithMe,Movies,14200000,Unknown,1500000,0,0,http://youtube.com/channel/UCQ00zWTLrgRQJUb8MHQg21A
703,veritasium,Science and Technology,14200000,United States,2800000,110800,7500,http://youtube.com/channel/UCHnyfMqiRRG1u-2MsSQLbXA
705,karameeshchannel,Dance and Music,14200000,Other,267600,1900,0,http://youtube.com/channel/UCZ7V5FSAdPkRjPf64pPx9-Q
706,AM3NlC,Others,14200000,Brazil,329100,25200,303,http://youtube.com/channel/UCrGnb5RdHA9M6WGmBGYo4ZQ
711,trapcity,Dance and Music,14200000,United States,17500,734,30,http://youtube.com/channel/UC65afEgL62PGFWXY7n6CUbA
712,refugiomental6032,Movies,14200000,Other,76600,1200,22,http://youtube.com/channel/UCgQRN9EO5ksPZjs7EasIftQ
715,thinkmusicofficial,Dance and Music,14200000,India,41900,1000,19,http://youtube.com/channel/UCLbdVvreihwZRL6kwuEUYsA
716,tseriesregional,Dance and Music,14200000,India,6900,59,5,http://youtube.com/channel/UCy2fvV-mH_4AcIgqnLg9uDw
717,MasterskayaNastroeny,Movies,14100000,Russia,125600,2700,81,http://youtube.com/channel/UCRW3VLiVep5Ud4Ovhj2eUyA
718,theHacksmith,Videogames,14100000,United States,174900,10200,102,http://youtube.com/channel/UCjgpFI5dU-D1-kh9H1muoxQ
719,StrayKids,Dance and Music,14100000,United States,839600,146500,4300,http://youtube.com/channel/UC9rMiEjNaCSsebs31MRDCRA
720,kidstvindia,Others,14100000,Unknown,24100,70,0,http://youtube.com/channel/UCZbTuDplLcBb4bTHa_-5_UA
722,RaptorGamer,Animation,14000000,Mexico,257400,19900,319,http://youtube.com/channel/UCS4OZlj8753fezBtH62TRDg
724,OQueNaoDizerOficial,Movies,14000000,Brazil,61400,7300,94,http://youtube.com/channel/UC19aAr6UojQesIVCBsXJGIw
726,Acenix,Animation,14000000,Mexico,741100,23400,821,http://youtube.com/channel/UCH3h4jRKn3lJo0uORqqESPg
727,Infobellsrhymes,Others,14000000,Unknown,105600,3300,0,http://youtube.com/channel/UCU_AsfgtKjwR4qaSwgsWn-w
732,bibotoysrus,Animation,13900000,Unknown,106400,0,0,http://youtube.com/channel/UCqk10y8p4_QVUT9e5LWKkdg
733,adeletsami3286,Animation,13900000,Other,8000,37,0,http://youtube.com/channel/UCPalOwaTaSwFS4PANDNv7Zg
734,123GOSpanish,Animation,13900000,Mexico,60400,547,15,http://youtube.com/channel/UCYtt2TP3sqR9_qXnc1G4eRA
737,wesleysafadao,Dance and Music,13900000,Brazil,162700,4600,139,http://youtube.com/channel/UCciJLMuECsXuOyhA4FO48Sg
738,BBC,Movies,13800000,Uk,9900,226,5,http://youtube.com/channel/UCCj956IF62FbT7Gouszaj9w
739,nishamadhulika,Food,13800000,India,132400,3200,538,http://youtube.com/channel/UCgoxyzvouZM-tCgsYzrYtyg
740,AdamW,Animation,13800000,United States,2900000,98200,470,http://youtube.com/channel/UC_k6e2PPDUnxEdMJC9Q044g
741,FAPTV,Animation,13800000,United States,75100,2300,14,http://youtube.com/channel/UC0jDoh3tVXCaqJ6oTve8ebA
743,jbalvinVEVO,Dance and Music,13800000,Colombia,0,0,0,http://youtube.com/channel/UCrHL_BF5lHyK43BxLU8-vBQ
745,jojotvhindi,Dance and Music,13800000,India,19700,499,0,http://youtube.com/channel/UCAXe-dTMWRcqDdt5pYLwHCA
746,MAIKI021,Animation,13800000,Brazil,6000,754,62,http://youtube.com/channel/UCXhDFaOPG2zhiYm9eXuMKkA
747,penguinz0,Movies,13800000,United States,1700000,71600,4500,http://youtube.com/channel/UCq6VFHwMzcMXbuKyG7SQYIg
749,codiscos,Dance and Music,13800000,Unknown,19500,287,7,http://youtube.com/channel/UCMt4GuchIJh48XJFB3iyXQQ
750,blockbustermovies7960,Daily Vlogs,13800000,India,8700,174,2,http://youtube.com/channel/UCW3VI9s3Dw8o1ekgjI3FCzw
751,ZeinabHarakeVlogs,Comedy,13800000,Philippines,2800000,94000,3700,http://youtube.com/channel/UC-j7tR3DhEt85EM9HbvxXqA
752,gmanews,News and Politics,13800000,Philippines,3400,48,4,http://youtube.com/channel/UCqYw-CTd1dU2yGI71sEyqNw
754,TypicalGamer,Videogames,13800000,United States,284700,7400,210,http://youtube.com/channel/UC2wKfjlioOCLP4xQMOWNcgg
755,mymissanand,Movies,13700000,India,965100,17300,1000,http://youtube.com/channel/UCpCWa9f5_J3PqY-_Lg-_QfQ
756,WanasahTV1,Movies,13700000,Unknown,856300,3500,0,http://youtube.com/channel/UCiRfBu1ymNpygUgpvGzVr_w
757,ladydiana11,Dance and Music,13700000,Russia,2600000,58300,3500,http://youtube.com/channel/UCCB4-saKfwGbUFO2-rRdUqQ
758,AmaraQueLinda,Daily Vlogs,13600000,Colombia,719100,59000,172,http://youtube.com/channel/UChq_qmwRxTMgmggitRTiIEA
759,BUDI01GAMING,Movies,13600000,Indonesia,625000,26000,1300,http://youtube.com/channel/UC8qp0ZmavLOGeSdLxSUZO8w
760,lunomosik,Videogames,13600000,Russia,1400000,27500,1200,http://youtube.com/channel/UCdKEBeInDzinQ6MG2HkF7Gw
761,KidsLineKOYA,Movies,13600000,Unknown,9300,40,0,http://youtube.com/channel/UCQs-tWGqacJ7vuuJDtXq28w
762,TrakinTech,News and Politics,13600000,India,418000,22800,817,http://youtube.com/channel/UCEPL07qzVsOcHd3sMUws65g
763,Vogue,Others,13600000,United States,114800,5700,44,http://youtube.com/channel/UCRXiA3h1no_PFkb1JCP0yMA
766,awakeningrecords,Dance and Music,13600000,Indonesia,15300,675,35,http://youtube.com/channel/UCBq5hp6DvwWam2XOXw6lYJA
769,BanderitaX,Animation,13600000,Other,1200000,88200,4600,http://youtube.com/channel/UCxEGVXh6fi-XYo58NZrbIHQ
770,Anaysa,Movies,13600000,India,94900,4900,76,http://youtube.com/channel/UCuN4A3GCUq5-0wJDSiJoxRQ
771,Painzeiro,Daily Vlogs,13600000,Brazil,351800,7500,319,http://youtube.com/channel/UCCnl0HqjHFj6akQZBW81whQ
772,PozziGamer,Animation,13600000,Russia,391900,15400,1000,http://youtube.com/channel/UCuZeiI5pdpgqDojXZujoYgg
773,ConorMaynard,Dance and Music,13600000,United States,52200,2600,131,http://youtube.com/channel/UCpmD3iT-8TQzRuygIiS9bAw
774,Wengie,Food,13600000,United States,17000,1200,137,http://youtube.com/channel/UCD9PZYV5heAevh9vrsYmt1g
775,ryan,Movies,13600000,United States,7000000,222800,11500,http://youtube.com/channel/UCnmGIkw-KdI0W5siakKPKog
777,sportsnationespn,Sports,13500000,United States,114000,3700,39,http://youtube.com/channel/UCQZi2YXSxc6BSK4mZHql8ag
779,MCDivertida,Dance and Music,13500000,Unknown,288700,1400,0,http://youtube.com/channel/UCllJguE1AIxYBmZJ8NUWiHg
781,MattSDance,Dance and Music,13400000,United States,54200,2700,24,http://youtube.com/channel/UCczFdwWpVEpoqb-eMm4c4dQ
784,theworldadventureshindi,Daily Vlogs,13400000,Unknown,6200,342,21,http://youtube.com/channel/UCr8EWTz_8ljPyE27CiSbsGw
785,SonotekBhakti,Dance and Music,13400000,India,4400,109,13,http://youtube.com/channel/UC3oQ1986eLZ4MhyPBiu54PA
786,H2ODelirious,Animation,13400000,United States,153900,6600,163,http://youtube.com/channel/UCClNRixXlagwAd--5MwJKCw
787,athleanx,Others,13400000,United States,340400,13000,926,http://youtube.com/channel/UCe0TLA0EsQbE-MjuHXevj2A
788,TheInfographicsShow,Education,13400000,United States,162500,5700,232,http://youtube.com/channel/UCfdNM3NAhaBOXCafH7krzrA
789,theRadBrad,Animation,13400000,United States,76600,3200,182,http://youtube.com/channel/UCpqXJOEqGS-TCnazcHCo0rA
790,LofiGirl,Comedy,13400000,United States,139000,8500,132,http://youtube.com/channel/UCSJ4gkVC6NrvII8umztf0Ow
792,AzzyLand,Animation,13400000,United States,115600,3600,472,http://youtube.com/channel/UCzeB_0FNcPIyUSjL_TL5lEw
793,BrawlStars,Animation,13400000,United States,1500000,98400,2700,http://youtube.com/channel/UCooVYzDxdwTtGYAkcPmOgOw
794,einerdtv,Movies,13400000,Brazil,155100,22400,614,http://youtube.com/channel/UCt_4wzTQqmcUvemNkeO0plA
795,AlexGonzagaOfficial,Movies,13400000,Philippines,1600000,36300,1100,http://youtube.com/channel/UC6N-9Wh0DYhDI8sQS7jwjVA
796,PeppaPigPortuguesOficial,Movies,13300000,Unknown,354800,1900,0,http://youtube.com/channel/UCvD9GB-E4q_TuMpwUtFBhLA
797,VexTrexKidsCartoon,Movies,13300000,Unknown,21100,0,0,http://youtube.com/channel/UCE_URvMQZgvPqd8rzlFF58A
800,OficialHungria,Dance and Music,13300000,Brazil,75000,7400,132,http://youtube.com/channel/UCAI8SmRbXgSpP8Zo3xZbxzQ
801,prantoniojunior,Dance and Music,13300000,Brazil,246300,46500,5100,http://youtube.com/channel/UCKEM87jzVqdIfAdTr0xNBfA
802,Akon,Dance and Music,13200000,Brazil,32000,1900,91,http://youtube.com/channel/UC6IBMCQ6-d7p41KHxOsq4RA
803,knowledgetvhindi001,Education,13200000,India,58100,2300,87,http://youtube.com/channel/UC-iSP6GoVwofKXs6Ei0PdlA
805,MARIANAMIAMORCH,Movies,13200000,Mexico,533700,32300,330,http://youtube.com/channel/UCwm_7WWX8mQ1kjSRzAnD0iQ
806,NickPro,Sports,13200000,United States,12200000,286000,245,http://youtube.com/channel/UChCBHudFoBnsF0O1flPXqiQ
807,RauwAlejandroTv,Dance and Music,13200000,Other,219400,7300,367,http://youtube.com/channel/UC_Av98lDjf5KvFib5elhpYg
809,klara_tania,Movies,13200000,Indonesia,834500,47500,245,http://youtube.com/channel/UC4rHBMP2rGPuFk9F-JlGzbQ
810,Caylus,Animation,13200000,United States,477600,11800,789,http://youtube.com/channel/UCVAYy7_zddIx6USjXscV9Vg
811,AlArabiya,News and Politics,13200000,Other,5000,90,5,http://youtube.com/channel/UCahpxixMCwoANAftn6IxkTg
816,CznBurak,Daily Vlogs,13100000,Other,1400000,72500,1000,http://youtube.com/channel/UCUcfej7lPDoeqTlferD2mcw
818,CuteWolfVideos,Movies,13100000,Unknown,53500,116,0,http://youtube.com/channel/UCWGVQIspqW2j9M3-qLQ0HDg
820,ColeAndSav,Daily Vlogs,13000000,United States,322100,10100,0,http://youtube.com/channel/UC4-CH0epzZpD_ARhxCx6LaQ
821,gymvirtual,Others,13000000,Mexico,50900,1900,49,http://youtube.com/channel/UCfwP2H1CDJvssk6g2pm8EgA
822,DuoTiempoDeSol,Dance and Music,13000000,Unknown,47400,170,0,http://youtube.com/channel/UC7S5EdUYwr7r04MrIjtSPNg
823,KiryaKolesnikov,Daily Vlogs,13000000,United States,54700,1900,7,http://youtube.com/channel/UCb1FVtN2EvxaeoBBMtOXg7g
827,Chustertv,Videogames,13000000,Other,1600000,96300,296,http://youtube.com/channel/UCKEiTu4t6o2Y9hnqOS-GUgw
828,francoescamilla,Movies,13000000,Mexico,560000,11800,288,http://youtube.com/channel/UCUjrDJokSX8JavRwy5iUOkA
829,sulgiyang,Others,13000000,United States,557500,8600,349,http://youtube.com/channel/UCIafb9ExBkh4WsCOagZssZA
830,TalkingAngela,Dance and Music,13000000,United States,53000,360,0,http://youtube.com/channel/UCPcynnZcILjm0e2aaaTuCjw
831,officialjassrecords,Dance and Music,13000000,India,12800,662,7,http://youtube.com/channel/UC9Gjog4enoDWRWTaYuamx1g
833,HeidiandZidaneEsp,Daily Vlogs,12900000,Unknown,61100,363,0,http://youtube.com/channel/UCLVpcJc8LpFclTssfVZ5wGw
835,Behindwoodstv,Daily Vlogs,12900000,Unknown,13300,386,2,http://youtube.com/channel/UC8md0UEGj7UbjcZtMjBVrgQ
836,dhruvrathee,News and Politics,12900000,India,6400000,328000,10000,http://youtube.com/channel/UC-CSyyi47VX1lD9zyeABW3w
843,EnglishConnectionByKanchan,Education,12800000,India,247400,15200,279,http://youtube.com/channel/UCsUBoYj2kqgj72g6kgzGPMg
845,MundoBita,Dance and Music,12800000,Unknown,152700,2700,0,http://youtube.com/channel/UC0cGVh96osM7yqMu0ENSKKQ
847,NANDO,Animation,12800000,Colombia,208300,13000,70,http://youtube.com/channel/UCqma_8hr8yOgr37wdUY-E7Q
848,elliegouldingofficial,Dance and Music,12800000,United States,0,0,0,http://youtube.com/channel/UCt-am4x4ZyeohfgM85qFgdQ
849,AdexeyNau,Dance and Music,12800000,Mexico,13100,1500,62,http://youtube.com/channel/UCKR6KdJmTdhLVQJnoJu9tRQ
850,NDTV,News and Politics,12800000,India,1400,10,1,http://youtube.com/channel/UCZFMm1mMw0F81Z37aaEzTUA
851,piuzinho,Animation,12800000,Brazil,527100,107700,3800,http://youtube.com/channel/UCIvBHgnnLSVr9enuPvBuwyw
854,FlowersComedy,Comedy,12800000,India,101900,1000,169,http://youtube.com/channel/UCmAPdImtXLGh5E-lTTH4Qmg
855,FirstWeFeast,Movies,12800000,United States,157600,5500,86,http://youtube.com/channel/UCPD_bxCRGpmmeQcbe2kpPaA
856,Morgz,Movies,12800000,Unknown,1100000,31100,217,http://youtube.com/channel/UCBwSufNse8VMBvQM_rCSvgQ
857,Littleglove,Daily Vlogs,12800000,India,1100000,61700,221,http://youtube.com/channel/UC2MRRqb_L2E53UmTaywdhkA
858,MoonbugKids_SingAlongWithMe,Others,12700000,Unknown,49000,100,0,http://youtube.com/channel/UCu0tjrzm4_n-9hkYSvlsC8A
859,refugiomental6818,Movies,12700000,Brazil,107400,2700,28,http://youtube.com/channel/UChYkldqKWymAKTsPku_tDfg
860,Yair17,Movies,12600000,Mexico,159800,14700,411,http://youtube.com/channel/UCXH1p4gixwXwrUGSx-WvLNQ
862,MasSKabeche,Movies,12600000,Mexico,0,0,0,http://youtube.com/channel/UC0n5Ihqix8mEqGsjygiJk6Q
863,WaveMusicBhakti,Dance and Music,12600000,Unknown,3400,52,3,http://youtube.com/channel/UCjb5iAXrj1D6NjHJYvDGw7w
864,TheDaniRep,Animation,12600000,Mexico,195500,19600,95,http://youtube.com/channel/UCHIwQiZhIn6fm5b_IilqBbQ
865,parafernalha,Movies,12600000,Brazil,84900,6300,55,http://youtube.com/channel/UCddYq41_tZ1FnLlguLT6-Ow
866,TimbaVk,Animation,12600000,Mexico,414000,15200,472,http://youtube.com/channel/UCp7wTrsCU7eICb5z69D3rwA
867,NasDaily,Education,12600000,United States,448700,19300,793,http://youtube.com/channel/UCJsUvAqDzczYv2UpFmu4PcA
868,TroomTroom_Indonesia,Dance and Music,12600000,Indonesia,59800,509,16,http://youtube.com/channel/UCtGmhXT_NSTK5j_r9a9xdYA
869,casey,Movies,12600000,United States,0,0,0,http://youtube.com/channel/UCtinbF-Q-fVthA0qrFQTgXQ
871,jtcasey,Animation,12600000,United States,156600,7400,136,http://youtube.com/channel/UCTGOuh9b_Su2k5xEARHCQQA
872,aljazeera,News and Politics,12600000,Other,7000,105,14,http://youtube.com/channel/UCfiwzLy-8yKzIbsmZTzxDgw
873,WildNOut,Dance and Music,12600000,United States,228400,8600,176,http://youtube.com/channel/UCrkzfc2yf-7q6pd7EtzgNaQ
875,BiperYSusAmigos,Dance and Music,12600000,Unknown,155000,0,0,http://youtube.com/channel/UCYslmQ8uJYORVagKOtejwAQ
876,AvrilLavigne,Dance and Music,12600000,United States,53600,5700,197,http://youtube.com/channel/UC_k8KFBzEf0uQ8LRFSAgSUA
878,QuantumTech,Science and Technology,12600000,United States,185300,2300,55,http://youtube.com/channel/UC4Tklxku1yPcRIH0VVCKoeA
879,DisneyChannelUK,Movies,12600000,Unknown,19000,307,0,http://youtube.com/channel/UCLeuoGy_hUDTBf5Hk0ynrpQ
881,TroomTroom_Pt,Animation,12600000,Brazil,43700,971,14,http://youtube.com/channel/UCgCQlMYN2XypwYC2wcR32bA
883,redbull,Sports,12600000,United States,1400000,52300,322,http://youtube.com/channel/UCblfuW_4rakIf2h6aqANefA
887,colinfurze,Videogames,12600000,United States,1500000,69600,2600,http://youtube.com/channel/UCp68_FLety0O-n9QU6phsgw
888,justinflom,Movies,12600000,United States,791700,18100,188,http://youtube.com/channel/UCb9A6uotqUiuVCvVp4GMqOg
889,PeopleVsFood,Food,12600000,United States,388300,14200,789,http://youtube.com/channel/UCHEf6T_gVq4tlW5i91ESiWg
891,Baby_Jenny,Movies,12500000,Unknown,18600,71,0,http://youtube.com/channel/UCoL0M9swO14BT8u9pTn9MvQ
892,hzhtubekidsfun,Animation,12500000,Unknown,79000,1500,0,http://youtube.com/channel/UCAgx4HcQIYn9lM0rhtIuH9w
893,healthtime6469,Daily Vlogs,12500000,India,3300,115,4,http://youtube.com/channel/UCPMqs8vxEwbie26nFA3ykAw
895,HeroMovies2023,Daily Vlogs,12500000,India,7100,215,2,http://youtube.com/channel/UCGzmSVjq_yQRgcgpA9SBTjw
896,CalvinHarrisVEVO,Dance and Music,12500000,United States,71300,3500,156,http://youtube.com/channel/UCaHNFIob5Ixv74f5on3lvIw
899,eltrece,Dance and Music,12400000,Unknown,1500,15,3,http://youtube.com/channel/UC0DM_mHV2u6dj8ig51GkQwg
900,TheKingofRandom,Others,12400000,United States,32700,1000,86,http://youtube.com/channel/UC1zZE_kJ8rQHgLTVfobLi_g
902,ArynewsTvofficial,News and Politics,12400000,Pakistan,3600,75,2,http://youtube.com/channel/UCMmpLL2ucRHAXbNHiCPyIyg
903,MakeJokeOf,Movies,12400000,India,7400000,343000,12000,http://youtube.com/channel/UCvgteBQjoaxE0bhFkpu8qAw
905,ctctv,Movies,12400000,Russia,39900,940,20,http://youtube.com/channel/UCdmauIL-k-djcct-yMrf82A
906,TalentRecap,Dance and Music,12400000,United States,52100,544,36,http://youtube.com/channel/UCSWwb_YyNB8vuC1VDcfPPaQ
907,LittleTreehouseNurseryRhymes,Others,12400000,Unknown,104200,373,0,http://youtube.com/channel/UCpzYfBXbEHHQHU2e89jM9Tg
909,OliviaRodrigo,Dance and Music,12400000,United States,1600000,78000,2400,http://youtube.com/channel/UCy3zgWom-5AGypGX_FVTKpg
910,GrandmasterJinBodhi,Animation,12400000,Other,26400,639,26,http://youtube.com/channel/UCBuBSRtY41VzSkP_RR3IVoQ
912,_gogo2728,Daily Vlogs,12400000,India,86700,8200,37,http://youtube.com/channel/UCUpS9qH3N5rFy51Ft-rYsnA
913,FilmTheory,Movies,12400000,United States,1200000,71500,4500,http://youtube.com/channel/UC3sznuotAs2ohg_U__Jzj_Q
914,HISTORY,Movies,12400000,United States,108200,1900,167,http://youtube.com/channel/UC9MAhZQQd9egwWCxrwSIsJQ
915,NattiNatasha,Dance and Music,12400000,United States,56300,3400,65,http://youtube.com/channel/UCu59H8LNti6mwvcGRMge5PA
916,123GO_,Others,12400000,United States,133200,549,26,http://youtube.com/channel/UCBXNpF6k2n8dsI6nBH8q4sQ
918,belabagunca,Movies,12400000,Brazil,114900,3900,87,http://youtube.com/channel/UChYWDADhmWJU6_X7Vm7FzDw
919,BlackEyedPeas,Dance and Music,12400000,United States,10100,498,9,http://youtube.com/channel/UCBFaOy1_APEXEyA6Gws_Y1g
920,rathorvideo,Dance and Music,12400000,India,5300,55,4,http://youtube.com/channel/UCbSGbqIVds2FiYn-0v0AqSA
921,InsideEdition,News and Politics,12400000,United States,65800,1700,173,http://youtube.com/channel/UC9k-yiEpRHMNVOnOi_aQK8w
922,Panda.,Animation,12400000,India,839300,70100,800,http://youtube.com/channel/UCj0sKQk9qjiIfNH22ZBWpxw
924,WatchMeOff,Movies,12300000,Russia,749800,20200,89,http://youtube.com/channel/UCGTl_sQxago30b5vfoMomCg
925,LuanSantana,Dance and Music,12300000,Brazil,1200000,50000,1500,http://youtube.com/channel/UC6rwiIxv0w2fbmmr66wl1rA
926,JugnuKidsrhymes,Food,12300000,Unknown,46900,176,0,http://youtube.com/channel/UCsCe7SNQckiRJ6y563SIupg
929,LipaoGamer,Movies,12200000,Brazil,130100,5100,86,http://youtube.com/channel/UCHuZmQ0lSW8TG81dVZZh5rw
930,lilwayne,Others,12200000,United States,203700,11100,576,http://youtube.com/channel/UCO9zJy7HWrIS3ojB4Lr7Yqw
931,natandessie,Others,12200000,United States,62600,256,0,http://youtube.com/channel/UCzIdYMdAtTsWucGCZyZvN6w
932,itsxomgpop,Dance and Music,12200000,Unknown,32900,1500,0,http://youtube.com/channel/UCeV2O_6QmFaaKBZHY3bJgsA
933,yogawithadriene,Others,12200000,United States,0,0,0,http://youtube.com/channel/UCFKE7WVJfvaHW5q283SxchA
934,SPDNOO1,Comedy,12200000,Thailand,1600000,62500,137,http://youtube.com/channel/UCiHQ5AywCFKF6q-C5dIguVQ
937,MashaBearHINDI,Animation,12200000,Unknown,90900,1600,0,http://youtube.com/channel/UCpgG0rtKd-CTzStI9w2ibkg
939,brancoala,Movies,12200000,Brazil,343100,6200,204,http://youtube.com/channel/UC0otZdGYsA9KqVKAcn2peQA
942,flamingo,Animation,12200000,United States,1800000,71300,8800,http://youtube.com/channel/UCm-X6o81nRsXQTmqpyArkBQ
943,OumWalidcuisine,Education,12200000,Other,333500,16000,791,http://youtube.com/channel/UCVXD2kNki3rfLMhF8uNIcBQ
944,elrubius,Movies,12200000,Mexico,1100000,85600,934,http://youtube.com/channel/UCcjIvuxmWlS5IEQ0JdPV4Ng
945,Aniruddhacharyaji,Daily Vlogs,12100000,India,116400,3600,192,http://youtube.com/channel/UCDe0DwkMVFfSIoiYdQUPQmQ
946,SaregamaHumBhojpuri,Dance and Music,12100000,India,39300,2200,40,http://youtube.com/channel/UC0J8BQahplvTY6LjlnLf_NQ
947,Super_Senya_RU,Animation,12100000,Unknown,47200,192,0,http://youtube.com/channel/UCTn9Vyy-3fzLIr0bqhIbNig
948,HiTechIslamic,Dance and Music,12100000,Pakistan,62200,810,59,http://youtube.com/channel/UCtKKyuORzErSd7TWfkunxsw
949,CarryisLive,Movies,12000000,India,0,0,0,http://youtube.com/channel/UC0IWRLai-BAwci_e9MylNGw
950,Family-Box,Movies,12000000,Russia,173600,6600,105,http://youtube.com/channel/UC-jHNWViReG6R_kJ6b45FdQ
951,AnnoyingOrange,Movies,12100000,United States,187200,6900,445,http://youtube.com/channel/UCi-5OZ2tYuwMLIcEyOsbdRA
952,timesmusicindia,Dance and Music,12100000,India,5400,265,7,http://youtube.com/channel/UCo07fumrTn1w4AxcU4j_uDw
953,Super_Senya_RU,Animation,12100000,Unknown,47200,192,0,http://youtube.com/channel/UCTn9Vyy-3fzLIr0bqhIbNig
954,HiTechIslamic,Dance and Music,12100000,Pakistan,62200,810,59,http://youtube.com/channel/UCtKKyuORzErSd7TWfkunxsw
955,HeeraGoldOfficial,Daily Vlogs,12000000,Pakistan,30600,953,70,http://youtube.com/channel/UC9dfnBWlg5h1Fr5_w8rjZyg
956,ChainsmokersVEVO,Dance and Music,12000000,United States,406600,16300,663,http://youtube.com/channel/UCRzzwLpLiUNIs6YOPe33eMg
957,Family-Box,Movies,12000000,Russia,177400,6300,86,http://youtube.com/channel/UC-jHNWViReG6R_kJ6b45FdQ
959,dojacat,Dance and Music,11900000,United States,13600000,395300,73000,http://youtube.com/channel/UCzpl23pGTHVYqvKsgY0A-_w
963,CNCOMusic,Dance and Music,11900000,Mexico,8400,2100,83,http://youtube.com/channel/UCqtHOqxV71OQ-fmLdI8rBYw
964,SingleTrackStudioz,Dance and Music,11900000,India,20300,351,16,http://youtube.com/channel/UCOo61v1PPAjoN2exxYAzdAw
965,FrontaLGaming,Movies,11900000,Unknown,113100,3900,195,http://youtube.com/channel/UCW6fcXU68QShoXPkxnPxATw
966,mmdcrew,Dance and Music,11900000,Russia,3100000,189900,4800,http://youtube.com/channel/UCWnqnojAgMdN0fQpr_xByJw
967,PlanetEarthINDIA,Daily Vlogs,11900000,India,12200,577,61,http://youtube.com/channel/UCMZ1mhXvZEhAEwVtAMmvioA
969,user-tt5ge5fj4i,Dance and Music,11900000,Unknown,72200,385,0,http://youtube.com/channel/UC-oIulX1JBJ0aKAB0GHnThA
970,UTKARSHCLASSES13,Education,11900000,India,79100,6300,136,http://youtube.com/channel/UCLuBF4Xr1-BIpcpFFm7zp7w
974,PeppaPigHindiOfficial,Movies,11900000,Unknown,451700,2900,0,http://youtube.com/channel/UCF9IpcBgYvMS3GKkM_xwiqA
975,KaKaKidsTV,Animation,11900000,Unknown,19200,434,0,http://youtube.com/channel/UCmS8VxPXxv4ToYpw0Yc2PQA
976,toysplay,Animation,11900000,Unknown,185200,506,0,http://youtube.com/channel/UCdKicyl_ve5oyjasiO6njgQ
977,NickDiGiovanni,Food,11900000,United States,4300000,339800,2700,http://youtube.com/channel/UCMyOj6fhvKFMjxUCp3b_3gA
978,sagahits,Dance and Music,11900000,India,25800,497,10,http://youtube.com/channel/UCuFwzKrS0wE43CSkyaHBGiQ
979,HikakinTV,Comedy,11900000,Other,2100000,51000,2300,http://youtube.com/channel/UCZf__ehlCEBPop-_sldpBUQ
982,Enterr10Rangeela,Dance and Music,11900000,India,20600,325,4,http://youtube.com/channel/UCR_-PUF53tA5-Iyp4Ncfjcg
983,KenhThieuNhiBHMedia,Dance and Music,11900000,United States,10200,28,0,http://youtube.com/channel/UC6eq3sR4CtbvGdmInchzWUA
984,mussoumano,Dance and Music,11900000,Brazil,1600000,68700,2400,http://youtube.com/channel/UC607Gii1uo93qDqiGR6-c3w
985,videogyan,Animation,11800000,Unknown,955300,19800,0,http://youtube.com/channel/UCs0upBDG-dCAxy8_VDPE5XA
986,lukedavidson81,Animation,11800000,United States,1700000,109200,1000,http://youtube.com/channel/UCuwJoiGWRxPYStBp0l0WuZw
988,NFL,Sports,11700000,United States,21400,692,42,http://youtube.com/channel/UCDVYQ4Zhbm3S2dlz7P1GBDg
989,MykeTowers,Dance and Music,11700000,Colombia,11000,629,18,http://youtube.com/channel/UCLk8IJ1TwI7Xl7UUfAD8xPQ
990,cut,Comedy,11700000,United States,359000,8800,342,http://youtube.com/channel/UCbaGn5VkOVlcRgIWAHcrJKA
991,JoeHattab,Movies,11700000,Other,1900000,98500,2900,http://youtube.com/channel/UCe6eisvsctSPvBhmincn6kA
992,BeAmazed,Education,11700000,United States,477800,9900,556,http://youtube.com/channel/UCkQO3QsgTpNTsOw6ujimT5Q
998,LittleAngelIndonesia,Dance and Music,11700000,Unknown,211400,745,0,http://youtube.com/channel/UCdrHrQf0o0TO8YDntXJ4VIQ
1000,OneindiaHindi,News and Politics,11700000,India,2200,31,1,http://youtube.com/channel/UCOjgc1p2hJ4GZi6pQQoXWYQ
